PartNumber,AttributeID,AttributeValue,AttributeUOM,PADBAttribute
10-01-0273,Length Through Hole,1.5&quot;,,N
10-04-0012,Length Through Hole,1.03&quot;,,N
10-04-0013,Length Through Hole,1.03&quot;,,N
10-04-0022,Length Through Hole,1.03&quot;,,N
10-04-0023,Length Through Hole,1.03&quot;,,N
10-04-0032,Length Through Hole,1.03&quot;,,N
10-04-0043,Length Through Hole,1.03&quot;,,N
10-04-0052,Length Through Hole,1.03&quot;,,N
10-04-0053,Length Through Hole,1.03&quot;,,N
10-04-0063,Length Through Hole,1.03&quot;,,N
10-04-0073,Length Through Hole,1.03&quot;,,N
10-04-0083,Length Through Hole,1.03&quot;,,N
10-04-0093,Length Through Hole,1.03&quot;,,N
10-04-0103,Length Through Hole,1.03&quot;,,N
10-04-0113,Length Through Hole,1.03&quot;,,N
10-04-0123,Length Through Hole,1.03&quot;,,N
10-04-0183,Length Through Hole,1.03&quot;,,N
10-04-0193,Length Through Hole,1.03&quot;,,N
10-04-0282,Length Through Hole,1.03&quot;,,N
10-04-0373,Length Through Hole,1.03&quot;,,N
10-04-0481,Length Through Hole,1.075&quot;,,N
10-04-0500,Length Through Hole,1.03&quot;,,N
10-04-0500-1,Length Through Hole,1.03&quot;,,N
10-04-1813,Length Through Hole,1.03&quot;,,N
10-04-2013,Length Through Hole,1.03&quot;,,N
10-04-2053,Length Through Hole,1.03&quot;,,N
10-04-2103,Length Through Hole,1.03&quot;,,N
10-04-2123,Length Through Hole,1.03&quot;,,N
10-40-0971,Length of Spline,2&quot;,,N
10-46-0270,Tube Length,57.91,,N
10-46-0270,Max Length,66.125 C-C Coll,,N
10-46-0270-1,Tube Length,57.91,,N
10-46-0270-1,Max Length,66.125 C-C Coll,,N
14S-04-0011-1,Length Through Hole,2.25&quot;,,N
14S-53-0011,Shoulder Length,0.811&quot;,,N
14S-53-0011,Length of Spline,2.618&quot;,,N
17S-04-0201,Length Through Hole,2.5&quot;,,N
17S-04-0221,Length Through Hole,2.5&quot;,,N
17S-04-0241,Length Through Hole,2.5&quot;,,N
17S-04-0261,Length Through Hole,2.281&quot;,,N
17S-04-0281,Length Through Hole,2.281&quot;,,N
17S-04-0561,Length Through Hole,2.75&quot;,,N
17S-04-0651,Length Through Hole,2.312&quot;,,N
17S-04-0671,Length Through Hole,2.312&quot;,,N
17S-04-0721,Length Through Hole,2.328&quot;,,N
17S-04-1271,Length Through Hole,2.75&quot;,,N
20R-04-3217,Length Through Hole,2.31&quot;,,N
20R-04-3818,Length Through Hole,2.75&quot;,,N
20R-04-4500,Length Through Hole,2.75&quot;,,N
20R-82-4047,Length of Spline,3.45&quot;,,N
25S-04-0021,Length Through Hole,2.75&quot;,,N
25S-04-0081,Length Through Hole,2.5&quot;,,N
25S-04-0241,Length Through Hole,3&quot;,,N
25S-04-0271,Length Through Hole,2.75&quot;,,N
25S-04-0351,Length Through Hole,2.312&quot;,,N
25S-53-0011,Shoulder Length,0.812&quot;,,N
25S-53-0011,Length of Spline,2.618&quot;,,N
25S-57-0011,Shoulder Length,0.812&quot;,,N
31-04-0233,Length Through Hole,1.5&quot;,,N
31-04-0242,Length Through Hole,1.5&quot;,,N
31-04-0321,Length Through Hole,2&quot;,,N
31-04-0433,Length Through Hole,1.625&quot;,,N
31-04-0453,Length Through Hole,1.625&quot;,,N
31-04-0473,Length Through Hole,1.625&quot;,,N
31-04-0503,Length Through Hole,1.625&quot;,,N
31-04-0523,Length Through Hole,1.625&quot;,,N
31-04-0533,Length Through Hole,1.625&quot;,,N
31-04-0573,Length Through Hole,1.625&quot;,,N
31-04-0583,Length Through Hole,1.625&quot;,,N
31-04-0782,Length Through Hole,1.5&quot;,,N
31-04-0783,Length Through Hole,1.5&quot;,,N
31-04-0803,Length Through Hole,1.625&quot;,,N
31-04-1053,Length Through Hole,1.5&quot;,,N
31-04-1103,Length Through Hole,1.625&quot;,,N
31-04-1233,Length Through Hole,1.625&quot;,,N
31-04-1740,Length Through Hole,2.5&quot;,,N
31-04-1741,Length Through Hole,2.5&quot;,,N
31-04-2671,Length Through Hole,1.750&quot;,,N
31-04-3331,Length Through Bore,1.516&quot;,,N
31-04-3331,Length Through Hole,1.567&quot;,,N
31-04-3741-1,Length Through Hole,1.375&quot;,,N
31-04-3801,Length Through Hole,1.500&quot;,,N
31-04-4341,Length Through Hole,1.500&quot;,,N
31-04-4601-1,Length Through Hole,1.375&quot;,,N
31-04-5341,Length Through Hole,2.000&quot;,,N
31-40-1031,Length of Spline,2.25&quot;,,N
31-40-1221,Length of Spline,2.25&quot;,,N
31-40-1521,Length of Spline,2.25&quot;,,N
31-40-1531,Length of Spline,2.25&quot;,,N
31-40-1701,Length of Spline,2.25&quot;,,N
31-40-1703,Length of Spline,6.25&quot;,,N
31-40-1711,Length of Spline,2.25&quot;,,N
31-40-1741,Length of Spline,2&quot;,,N
31-40-1771,Length of Spline,1.906&quot;,,N
31-40-1811,Length of Spline,2.25&quot;,,N
31-40-1841,Length of Spline,2.125&quot;,,N
31-40-1851,Length of Spline,2.25&quot;,,N
31-40-1871,Length of Spline,6.781&quot;,,N
31-40-2041,Length of Spline,2.25&quot;,,N
31-40-2051,Length of Spline,2.25&quot;,,N
31-42-0181,Length of Spline,2&quot;,,N
31-46-9363,Tube Length,26&quot;,,N
31-46-9365,Tube Length,26&quot;,,N
31-46-9553,Tube Length,47.75,,N
31-46-9553,Max Length,55.63 C-C Coll,,N
31-46-9553-2548,Tube Length,48,,N
31-53-0121,Shoulder Length,0.812&quot;,,N
31-53-0121,Length of Spline,4.438&quot;,,N
31-53-0471,Shoulder Length,0.812&quot;,,N
31-53-0471,Length of Spline,5.406&quot;,,N
31-53-0501,Shoulder Length,0.812&quot;,,N
31-53-0501,Length of Spline,5.406&quot;,,N
31-53-0691,Shoulder Length,0.812&quot;,,N
31-53-0691,Length of Spline,2.5&quot;,,N
31-53-0711,Shoulder Length,0.812&quot;,,N
31-53-0711,Length of Spline,2.5&quot;,,N
31-53-0921,Shoulder Length,0.812&quot;,,N
31-53-0921,Length of Spline,2.5&quot;,,N
31-53-1191,Shoulder Length,0.812&quot;,,N
31-53-1191,Length of Spline,1.781&quot;,,N
31-53-1351,Shoulder Length,1.125&quot;,,N
31-53-1351,Length of Spline,4.969&quot;,,N
31-53-1361,Shoulder Length,1.125&quot;,,N
31-53-1361,Length of Spline,4.969&quot;,,N
31-61-9235,Max Length,10.13 F-F EXT,,N
31-61-9235,Min Length,8.88 F-F Coll,,N
31-82-0021,Length of Spline,2.250&quot;,,N
31-82-0051,Length of Spline,1.875&quot;,,N
31-82-0058,Length of Spline,2.5&quot;,,N
31SF-0.75-18,Length Through Hole,2&quot;,,N
31SF-0.75-25,Length Through Hole,2&quot;,,N
31SF-1.00-25,Length Through Hole,2&quot;,,N
31SF-1.12-25,Length Through Hole,2&quot;,,N
31SF-1.25-25,Length Through Hole,2&quot;,,N
31SF-1.25-31,Length Through Hole,2&quot;,,N
31SF-1.37-31,Length Through Hole,2&quot;,,N
31SF-1.37-37,Length Through Hole,2&quot;,,N
31SF-1.43-37,Length Through Hole,2&quot;,,N
31SF-1.50-37,Length Through Hole,2&quot;,,N
31SF-1.62-37,Length Through Hole,2&quot;,,N
31SF-NB,Length Through Hole,2&quot;,,N
31SF-SRB,Length Through Hole,2&quot;,,N
31SLF-1.75-37,Length Through Hole,2&quot;,,N
31SLF-2.00-50,Length Through Hole,2&quot;,,N
31SLF-LRB,Length Through Hole,2&quot;,,N
31SLF-SRB,Length Through Hole,2&quot;,,N
33-04-5441,Length Through Hole,2&quot;,,N
33-46-1716,Tube Length,26&quot;,,N
33-46-1782,Tube Length,26&quot;,,N
33-46-1818,Tube Length,26&quot;,,N
35-01-1331,Length Through Hole,1.635&quot;,,N
35-04-0103,Length Through Hole,1.875&quot;,,N
35-04-0178-1,Length Through Hole,1.781&quot;,,N
35-04-0243,Length Through Hole,1.5&quot;,,N
35-04-0283,Length Through Hole,1.5&quot;,,N
35-04-0283-1,Length Through Hole,1.5&quot;,,N
35-04-0928B,Length Through Hole,2.425&quot;,,N
35-04-1321-1,Length Through Hole,4.094&quot;,,N
35-04-7401,Length Through Hole,1.719&quot;,,N
35-40-1101,Length of Spline,2.5&quot;,,N
35-40-1421,Length of Spline,3&quot;,,N
35-40-1431,Length of Spline,2.5&quot;,,N
35-40-1471,Length of Spline,2.5&quot;,,N
35-40-1472,Length of Spline,2.5&quot;,,N
35-40-1491,Length of Spline,3&quot;,,N
35-40-1511,Length of Spline,3&quot;,,N
35-40-1531,Length of Spline,3&quot;,,N
35-40-1611,Length of Spline,2.5&quot;,,N
35-40-1621,Length of Spline,2.5&quot;,,N
35-40-1670,Length of Spline,8.562&quot;,,N
35-40-1670-1,Length of Spline,8.562&quot;,,N
35-40-1911,Length of Spline,3&quot;,,N
35-40-2131,Length of Spline,3.5&quot;,,N
35-40-2131-1,Length of Spline,3.5&quot;,,N
35-46-1025,Tube Length,10.25&quot;,,N
35-46-3014,Tube Length,10.25&quot;,,N
35-53-1031,Shoulder Length,0.875&quot;,,N
35-53-1031,Length of Spline,4.438&quot;,,N
35-53-1551,Shoulder Length,0.812&quot;,,N
35-53-1551,Length of Spline,3&quot;,,N
35-53-1951,Shoulder Length,0.875&quot;,,N
35-53-1951,Length of Spline,3&quot;,,N
35-54-0611,Shoulder Length,1.125&quot;,,N
35-54-0611,Length of Spline,1.688&quot;,,N
35-61-9012,Max Length,10.25 F-F EXT,,N
35-61-9012,Min Length,9.50 F-F Coll,,N
35-61-9012,Tube Length,N,,N
35-82-0061,Length of Spline,2.000&quot;,,N
35-82-0181,Length of Spline,2.500&quot;,,N
35-82-6885,Length of Spline,3.375&quot;,,N
35CL-1.37-21SP,Length Through Hole,1.75&quot;,,N
35SF-0.75,Length Through Hole,2&quot;,,N
35SF-1.00-25,Length Through Hole,2&quot;,,N
35SF-1.12-25,Length Through Hole,2&quot;,,N
35SF-1.188-25,Length Through Hole,2&quot;,,N
35SF-1.25-14SP,Length Through Hole,2&quot;,,N
35SF-1.25-25,Length Through Hole,2&quot;,,N
35SF-1.25-31,Length Through Hole,2&quot;,,N
35SF-1.25-31-PTO,Length Through Hole,1.455&quot;,,N
35SF-1.37-21SP,Length Through Hole,2&quot;,,N
35SF-1.37-31,Length Through Hole,2&quot;,,N
35SF-1.37-37,Length Through Hole,2&quot;,,N
35SF-1.37-TBF,Length Through Hole,2&quot;,,N
35SF-1.43-37,Length Through Hole,2&quot;,,N
35SF-1.50-37,Length Through Hole,2&quot;,,N
35SF-1.50-TBF,Length Through Hole,2&quot;,,N
35SF-1.62-37,Length Through Hole,2&quot;,,N
35SF-1.75-13SP,Length Through Hole,2&quot;,,N
35SF-1.75-31,Length Through Hole,2&quot;,,N
35SF-1.75-37,Length Through Hole,2&quot;,,N
35SF-1.75-50,Length Through Hole,2&quot;,,N
35SF-1.87-37,Length Through Hole,2&quot;,,N
35SF-1.87-50,Length Through Hole,2&quot;,,N
35SF-2.25-50,Length Through Hole,2&quot;,,N
35SF-SRB,Length Through Hole,2&quot;,,N
35SLF-1.75-37,Length Through Hole,3&quot;,,N
35SLF-1.75-62,Length Through Hole,3&quot;,,N
35SLF-1.87-50,Length Through Hole,3&quot;,,N
35SLF-2.00-50,Length Through Hole,3&quot;,,N
35SLF-2.188-50,Length Through Hole,3&quot;,,N
35SLF-2.25-50,Length Through Hole,3&quot;,,N
35SLF-2.50-62,Length Through Hole,3&quot;,,N
35SLF-LRB,Length Through Hole,3&quot;,,N
36-31-3631,Length of Spline,For 36-25-3631,,N
36-31-3633,Length of Spline,For 36-25-3633,,N
38-57-3001,Shoulder Length,3mm,,N
3R-01-1432,Length Through Hole,2&quot;,,N
3R-01-4294,Length Through Hole,1.15&quot;,,N
3R-01-4459,Length Through Hole,1.475&quot;,,N
3R-43-11812,Shoulder Length,1.125&quot;,,N
3R-43-11812,Length of Spline,2.25&quot;,,N
3R-43-11812,Length of Spline,3.344&quot;,,N
3R-43-11812,Spline Length,3.344&quot;,,N
3R-43-11815,Shoulder Length,1.125&quot;,,N
3R-43-11815,Length of Spline,2.25&quot;,,N
3R-43-11815,Length of Spline,3.344&quot;,,N
3R-43-11815,Spline Length,3.344&quot;,,N
3R-46-7268,Tube Length,18,,N
3R-53-1181-5,Shoulder Length,1.125&quot;,,N
3R-53-1181-5,Length of Spline,3.344&quot;,,N
3R-82-6885,Length of Spline,3.375&quot;,,N
41-04-0263-1,Length Through Hole,2.27&quot;,,N
41-04-0343-1,Length Through Hole,2&quot;,,N
41-04-8001-1,Length Through Hole,1.625&quot;,,N
41-61-8134,Max Length,10.25 F-F EXT,,N
41-61-8134,Min Length,9.50 F-F Coll,,N
41-82-0058,Length of Spline,3&quot;,,N
41-82-0201,Length of Spline,2.5&quot;,,N
41-82-1192,Length of Spline,2.000&quot;,,N
41-82-7666,Length of Spline,4&quot;,,N
48-04-2168,Length Through Hole,1.625&quot;,,N
48-40-1571,Length of Spline,3&quot;,,N
48-40-1871,Length of Spline,3&quot;,,N
48-53-0451,Shoulder Length,0.812&quot;,,N
48-53-0451,Length of Spline,5.938&quot;,,N
48-53-1191,Shoulder Length,0.812&quot;,,N
48-53-1191,Length of Spline,5.938&quot;,,N
48-53-1821,Shoulder Length,0.812&quot;,,N
48-53-1821,Length of Spline,2&quot;,,N
48-61-2990-1,Min Length,8.50 F-F Coll,,N
48-61-2990-1,Max Length,9.50 F-F EXT,,N
48-82-0271,Length of Spline,1.594&quot;,,N
48-82-1121,Length of Spline,2.750&quot;,,N
48-94-0028,Thread Length,0.72&quot;,,N
48SF-1.25-25,Length Through Hole,2.5&quot;,,N
48SF-1.37-37,Length Through Hole,2.5&quot;,,N
48SF-1.43-37,Length Through Hole,2.5&quot;,,N
48SF-1.50-37,Length Through Hole,2.5&quot;,,N
48SF-1.62-37,Length Through Hole,2.5&quot;,,N
48SF-1.68-37,Length Through Hole,2.5&quot;,,N
48SF-1.75-37,Length Through Hole,2.5&quot;,,N
48SF-1.75-50,Length Through Hole,2.5&quot;,,N
48SF-1.87-37,Length Through Hole,2.5&quot;,,N
48SF-1.87-50,Length Through Hole,2.5&quot;,,N
48SF-1.938-50,Length Through Hole,2.5&quot;,,N
48SF-2.00-50,Length Through Hole,2.5&quot;,,N
48SF-2.12-50,Length Through Hole,2.5&quot;,,N
48SF-2.25-62,Length Through Hole,2.5&quot;,,N
48SF-2.43-62,Length Through Hole,2.5&quot;,,N
48SF-2.62-75,Length Through Hole,2.5&quot;,,N
48SF-SRB,Length Through Hole,2.5&quot;,,N
48SLF-2.43-63,Length Through Hole,3&quot;,,N
48SLF-2.50-62,Length Through Hole,3&quot;,,N
48SLF-2.56-62,Length Through Hole,3&quot;,,N
48SLF-2.62-62,Length Through Hole,3&quot;,,N
48SLF-2.87-75,Length Through Hole,3&quot;,,N
48SLF-3.00-75,Length Through Hole,3&quot;,,N
48SLF-3.37-87,Length Through Hole,3&quot;,,N
48SLF-3.50-88,Length Through Hole,3&quot;,,N
48SLF-LRB,Length Through Hole,3&quot;,,N
49-01-2855,Length Through Hole,1.65&quot;,,N
49-01-7864,Length Through Hole,1.65&quot;,,N
49-04-2168,Length Through Hole,1.75&quot;,,N
55-04-2051,Length Through Hole,2&quot;,,N
55-04-2051-1,Length Through Hole,2.000&quot;,,N
55-40-0721,Length of Spline,3&quot;,,N
55-40-0761,Length of Spline,3&quot;,,N
55-53-0061,Shoulder Length,0.812&quot;,,N
55-53-0061,Length of Spline,5.938&quot;,,N
55-53-0401,Shoulder Length,0.81&quot;,,N
55-53-0401,Length of Spline,2&quot;,,N
55-61-4249-6,Max Length,10.75 F-F EXT,,N
55-61-4249-6,Min Length,9.75 F-F Coll,,N
55-82-0191,Length of Spline,1.562&quot;,,N
55-82-0201,Length of Spline,1.562&quot;,,N
5C-40-2512,Length of Spline,2.75&quot;,,N
5C-46-2512,Min Length,9.375 F-F Coll,,N
61-0010,Length,7.3125&quot;,,N
61-0011,Length,7.188&quot;,,N
61-0012,Length,7.313&quot;,,N
61-0013,Length,7.188&quot;,,N
61-04-1721-1,Length Through Hole,2.25&quot;,,N
61-04-5721,Length Through Hole,2.688&quot;,,N
61-04-5731,Length Through Hole,2.25&quot;,,N
61-04-5751,Length Through Hole,2.438&quot;,,N
61-04-6321-1,Length Through Hole,2.125&quot;,,N
61-04-6431-1,Length Through Hole,2.312&quot;,,N
61-04-7171-1,Length Through Hole,2.25&quot;,,N
61-40-1011,Length of Spline,2.5&quot;,,N
61-40-1041,Length of Spline,3.5&quot;,,N
61-40-1051,Length of Spline,3.5&quot;,,N
61-40-1191,Length of Spline,3.5&quot;,,N
61-53-0141,Shoulder Length,0.812&quot;,,N
61-53-0141,Length of Spline,2&quot;,,N
61-61-6224-1,Min Length,9.12 F-F Coll,,N
61-61-6224-1,Max Length,9.87 F-F EXT,,N
61SF-1.50-37,Length Through Hole,3.5&quot;,,N
61SF-1.75-37,Length Through Hole,3.5&quot;,,N
61SF-1.81-50,Length Through Hole,3.5&quot;,,N
61SF-2.00-50,Length Through Hole,3.5&quot;,,N
61SF-2.25-50,Length Through Hole,3.5&quot;,,N
61SF-2.37-62,Length Through Hole,3.5&quot;,,N
61SF-2.50-62,Length Through Hole,3.5&quot;,,N
61SF-2.75-62,Length Through Hole,3.5&quot;,,N
61SF-SRB,Length Through Hole,3.5&quot;,,N
61SLF-LRB,Length Through Hole,4&quot;,,N
61SLF-SRB,Length Through Hole,4&quot;,,N
62-0001,Length,6.875&quot;,,N
62-0002,Length,6.875&quot;,,N
62-0004,Length,6.875&quot;,,N
62-0010,Length,6.5&quot;,,N
62-0011,Length,4.125&quot;,,N
62-0013,Length,6.5&quot;,,N
62-0016,Length,4.125&quot;,,N
62-0018,Length,3&quot;,,N
62-0027,Length,2&quot;,,N
62-0028,Length,3&quot;,,N
62-0029,Length,3&quot;,,N
62-0030,Length,3.75&quot;,,N
62-0031,Length,1.75&quot;,,N
62-0033,Length,1.5&quot;,,N
62-0034,Length,2&quot;,,N
62-0035,Length,2.125&quot;,,N
62-0043,Length,3&quot;,,N
62-0066,Length,2&quot;,,N
62-0070,Length,7&quot;,,N
62-0071,Length,1.5&quot;,,N
62-0071,Length,1.75&quot;,,N
62-0073,Length,2.125&quot;,,N
62-0074,Length,2.25&quot;,,N
62-0075,Length,3&quot;,,N
62-0087,Length,6.5&quot;,,N
62-0092,Length,6.5&quot;,,N
62-0094,Length,7.188&quot;,,N
62-0320,Length,3.75&quot;,,N
62-0336,Length,2.5&quot;,,N
62-0338,Length,2.5&quot;,,N
62-0340,Length,2.75&quot;,,N
62-0341,Length,2.75&quot;,,N
62-0342,Length,3.25&quot;,,N
62-0344,Length,2.75&quot;,,N
62-0345,Length,3.75&quot;,,N
62-0346,Length,3.75&quot;,,N
62-0347,Length,3.75&quot;,,N
62-0348,Length,3.75&quot;,,N
62-0350,Length,3&quot;,,N
62-0351,Length,3&quot;,,N
62-0352,Length,2.25&quot;,,N
62-0355,Length,2.25&quot;,,N
62-0365,Length,3&quot;,,N
62-0367,Length,3&quot;,,N
62-0371,Length,6.5&quot;,,N
62-0373,Length,6.5&quot;,,N
62-0376,Length,5.688&quot;,,N
62-0379,Length,3&quot;,,N
62-0380,Length,2.75&quot;,,N
62-0381,Length,2.75&quot;,,N
62-0382,Length,2.75&quot;,,N
62-0385,Length,3&quot;,,N
62-0386,Length,3&quot;,,N
62-0388,Length,3&quot;,,N
62-0389,Length,3&quot;,,N
62-0400,Length,6.5&quot;,,N
62-0403,Length,2.5&quot;,,N
62-0407,Length,4.125&quot;,,N
62-0408,Length,4.125&quot;,,N
62-0409,Length,4.344&quot;,,N
62-0410,Length,4.344&quot;,,N
62-0430,Length,5.688&quot;,,N
62-0431,Length,5.688&quot;,,N
62-0432,Length,5.688&quot;,,N
62-0433,Length,6.281&quot;,,N
62-0610,Length,4.375&quot;,,N
62-0612,Length,4.344&quot;,,N
62-1345,Length,3.313&quot;,,N
62-1354,Length,7.313&quot;,,N
62-1373,Length,6.5&quot;,,N
62-1375,Length,6.5&quot;,,N
62-1476,Length,8.188&quot;,,N
62-1477,Length,8.188&quot;,,N
62-1490,Length,8.188&quot;,,N
62-1491,Length,8.188&quot;,,N
62-2121,Length,6.5&quot;,,N
62-3531,Length,5.5&quot;,,N
6C-40-3013,Length of Spline,3&quot;,,N
6C-40-3513,Length of Spline,3&quot;,,N
71-01-1731,Length Through Hole,3.25&quot;,,N
71-04-1971,Length Through Hole,2.25&quot;,,N
71-04-1981,Length Through Hole,3&quot;,,N
71-04-2381,Length Through Hole,2.25&quot;,,N
71-04-3241,Length Through Hole,2.562&quot;,,N
71-04-4411,Length Through Hole,3&quot;,,N
71-04-4551,Length Through Hole,3&quot;,,N
71-04-4601,Length Through Hole,2.75&quot;,,N
71-04-4601-1,Length Through Hole,2.75&quot;,,N
71-04-5461,Length Through Hole,2.625&quot;,,N
71-04-5851,Length Through Hole,2&quot;,,N
71-04-6001,Length Through Hole,2.25&quot;,,N
71-04-6021,Length Through Hole,2.25&quot;,,N
71-04-6041,Length Through Hole,2.5&quot;,,N
71-04-6321,Length Through Hole,2.25&quot;,,N
71-04-6331,Length Through Hole,2.25&quot;,,N
71-04-6371,Length Through Hole,2.312&quot;,,N
71-04-6371-1,Length Through Hole,2.312&quot;,,N
71-04-6391-1,Length Through Hole,2.312&quot;,,N
71-04-6401,Length Through Hole,2.327&quot;,,N
71-04-6411,Length Through Hole,2.327&quot;,,N
71-04-6451,Length Through Hole,2.438&quot;,,N
71-04-6481,Length Through Hole,2.438&quot;,,N
71-04-6871,Length Through Hole,2.438&quot;,,N
71-04-6921,Length Through Hole,3&quot;,,N
71-04-6931,Length Through Hole,3&quot;,,N
71-04-6951,Length Through Hole,2.438&quot;,,N
71-04-7141,Length Through Hole,3&quot;,,N
71-04-7141-1,Length Through Hole,3&quot;,,N
71-04-7161,Length Through Hole,2.38&quot;,,N
71-04-7181,Length Through Hole,2.38&quot;,,N
71-04-7301-1,Length Through Hole,2.125&quot;,,N
71-04-7481-1,Length Through Hole,2.75&quot;,,N
71-04-7541,Length Through Hole,3&quot;,,N
71-04-7561,Length Through Hole,2.5&quot;,,N
71-04-7621-1,Length Through Hole,2.312&quot;,,N
71-04-7641-1,Length Through Hole,2.312&quot;,,N
71-04-7771,Length Through Hole,2.344&quot;,,N
71-04-7771-1,Length Through Hole,2.344&quot;,,N
71-04-8461,Length Through Hole,2.5&quot;,,N
71-04-8731-1,Length Through Hole,2.703&quot;,,N
71-04-9001-1,Length Through Hole,2.5&quot;,,N
71-40-0521,Length of Spline,4&quot;,,N
71-40-0541,Length of Spline,4&quot;,,N
71-40-0621,Length of Spline,4&quot;,,N
71-53-0201,Shoulder Length,0.812&quot;,,N
71-53-0201,Length of Spline,2.875&quot;,,N
71-53-0311,Shoulder Length,0.812&quot;,,N
71-53-0311,Length of Spline,2.625&quot;,,N
71-53-0411,Shoulder Length,0.812&quot;,,N
71-53-0411,Length of Spline,2.84&quot;,,N
71-57-0021,Shoulder Length,0.812&quot;,,N
71-57-0201,Shoulder Length,0.812&quot;,,N
71-57-0311,Shoulder Length,0.812&quot;,,N
71-57-0411,Shoulder Length,0.812&quot;,,N
71-61-4657-1,Min Length,10.62 F-F Coll,,N
71-61-4657-1,Max Length,11.37 F-F EXT,,N
71-82-0216,Length of Spline,4&quot;,,N
71-82-0316,Length of Spline,4&quot;,,N
71-82-0341,Length of Spline,2&quot;,,N
71-82-0416,Length of Spline,4&quot;,,N
71-82-0516,Length of Spline,4&quot;,,N
71-82-0616,Length of Spline,4&quot;,,N
71-82-1061-1,Length of Spline,4&quot;,,N
71-82-1061-11,Length of Spline,4&quot;,,N
71-82-1061-3,Length of Spline,4&quot;,,N
71-82-1251,Length of Spline,3&quot;,,N
71-82-1281,Length of Spline,3.5&quot;,,N
71-82-1341-7,Length of Spline,4&quot;,,N
71SF-1.50-37,Length Through Hole,4&quot;,,N
71SF-1.63-38,Length Through Hole,4&quot;,,N
71SF-1.75-37,Length Through Hole,4&quot;,,N
71SF-2.00-50,Length Through Hole,4&quot;,,N
71SF-2.25-50,Length Through Hole,4&quot;,,N
71SF-2.25-62,Length Through Hole,4&quot;,,N
71SF-2.43-62,Length Through Hole,4&quot;,,N
71SF-2.43-75,Length Through Hole,4&quot;,,N
71SF-2.50-62,Length Through Hole,4&quot;,,N
71SF-2.75-62,Length Through Hole,4&quot;,,N
71SF-2.75-75,Length Through Hole,4&quot;,,N
71SF-2.93-75,Length Through Hole,4&quot;,,N
71SF-3.00-75,Length Through Hole,4&quot;,,N
71SF-3.75-87,Length Through Hole,4&quot;,,N
71SF-3.938-1,Length Through Hole,4&quot;,,N
71SF-LRB,Length Through Hole,4&quot;,,N
71SF-SRB,Length Through Hole,4&quot;,,N
71SF-TB-1.5,Length Through Hole,4&quot;,,N
71SF-TB-2.25,Length Through Hole,4&quot;,,N
71SLF-LRB,Length Through Hole,5&quot;,,N
72-01-1124,Length Through Hole,55mm,,N
72-53-9601,Length of Spline,40mm,,N
72-57-9604,Length of Spline,150mm,,N
76-04-0151,Length Through Hole,2.406&quot;,,N
76-04-0161,Length Through Hole,2.75&quot;,,N
76-04-0161-1,Length Through Hole,2.75&quot;,,N
76-04-0331-1,Length Through Hole,2.5&quot;,,N
76-04-0541-1,Length Through Hole,2.312&quot;,,N
76-04-0791,Length Through Hole,3&quot;,,N
76-04-0791-1,Length Through Hole,3&quot;,,N
76-04-0821-1,Length Through Hole,2.75&quot;,,N
76-04-1041-1,Length Through Hole,2.328&quot;,,N
76-04-1521-1,Length Through Hole,2.25&quot;,,N
76-04-1681-1,Length Through Hole,2.75&quot;,,N
76-04-5221,Length Through Hole,2.5&quot;,,N
76-04-5221-1,Length Through Hole,2.5&quot;,,N
76-53-0021,Shoulder Length,0.812&quot;,,N
76-53-0021,Length of Spline,2.625&quot;,,N
76-57-0021,Shoulder Length,0.812&quot;,,N
76-57-0311,Shoulder Length,0.812&quot;,,N
7C-46-3511,Min Length,11&quot;,,N
7C-61-0190,Min Length,7.50 F-F Coll,,N
7C-61-0197,Min Length,7.75 F-F Coll,,N
7C-61-0202,Min Length,8.00 F-F Coll,,N
7C-61-0210,Min Length,8.25 F-F Coll,,N
7C-61-0228,Min Length,9.00 F-F Coll,,N
7C-61-0320,Min Length,12.875 F-F Coll,,N
81-01-0741,Length Through Hole,3&quot;,,N
81-04-1891,Length Through Hole,2.75&quot;,,N
81-04-1891-1,Length Through Hole,2.75&quot;,,N
81-04-1901,Length Through Hole,3&quot;,,N
81-04-1971,Length Through Hole,3.25&quot;,,N
81-04-2101,Length Through Hole,2.406&quot;,,N
81-04-2171,Length Through Hole,2.938&quot;,,N
81-04-2531,Length Through Hole,2.75&quot;,,N
81-04-2711,Length Through Hole,2.625&quot;,,N
81-04-2931,Length Through Hole,3&quot;,,N
81-04-3251,Length Through Hole,2.406&quot;,,N
81-04-3381,Length Through Hole,2.312&quot;,,N
81-04-3551,Length Through Hole,3&quot;,,N
81-04-3561,Length Through Hole,3&quot;,,N
81-04-3591,Length Through Hole,2.75&quot;,,N
81-04-3591-1,Length Through Hole,2.75&quot;,,N
81-04-3731,Length Through Hole,2.312&quot;,,N
81-04-3731-1,Length Through Hole,2.312&quot;,,N
81-04-3921,Length Through Hole,3.188&quot;,,N
81-04-4311-1,Length Through Hole,2.5&quot;,,N
81-04-4571-1,Length Through Hole,2.5&quot;,,N
81-04-4631,Length Through Hole,2.75&quot;,,N
81-04-4631-1,Length Through Hole,2.75&quot;,,N
81-40-0191,Length of Spline,4.5&quot;,,N
81-40-0201,Length of Spline,4.5&quot;,,N
81-53-0051,Shoulder Length,0.812&quot;,,N
81-53-0051,Length of Spline,2.75&quot;,,N
81-53-0091,Shoulder Length,0.812&quot;,,N
81-53-0091,Length of Spline,2.75&quot;,,N
81-53-0171,Shoulder Length,0.812&quot;,,N
81-53-0171,Length of Spline,2.625&quot;,,N
81-57-0091,Shoulder Length,0.812&quot;,,N
81-57-0171,Shoulder Length,0.812&quot;,,N
81-61-6052-1,Min Length,13.40 F-F Coll,,N
81-61-6052-1,Max Length,14.52 F-F EXT,,N
81-82-0511-1,Length of Spline,2.75&quot;,,N
81SF-1.50-TBF,Length Through Hole,4&quot;,,N
81SF-1.75-38,Length Through Hole,4&quot;,,N
81SF-2.00-TBF,Length Through Hole,4&quot;,,N
81SF-2.375-62,Length Through Hole,4&quot;,,N
81SF-2.50-10SP,Length Through Hole,4&quot;,,N
81SF-2.50-62,Length Through Hole,4&quot;,,N
81SF-2.62-62,Length Through Hole,4&quot;,,N
81SF-2.75-62,Length Through Hole,4&quot;,,N
81SF-2.875-75,Length Through Hole,4&quot;,,N
81SF-3.00-62,Length Through Hole,4&quot;,,N
81SF-3.00-75,Length Through Hole,4&quot;,,N
81SF-4.00-1,Length Through Hole,4&quot;,,N
81SF-SRB,Length Through Hole,4&quot;,,N
81SLF-3.75-87,Length Through Hole,6&quot;,,N
81SLF-4.25-1,Length Through Hole,6&quot;,,N
81SLF-4.50-1,Length Through Hole,6&quot;,,N
81SLF-LRB,Length Through Hole,6&quot;,,N
85C-61-0200,Min Length,8.25 F-F Coll,,N
85C-61-0208,Min Length,8.188 F-F Coll,,N
85C-61-0210,Min Length,8.25 F-F Coll,,N
85C-61-0216,Min Length,8.50 F-F Coll,,N
85C-61-0222,Min Length,8.74 F-F Coll,,N
85C-61-0228,Min Length,9.00 F-F Coll,,N
85C-61-0239,Min Length,9.40 F-F Coll,,N
85C-61-0245,Min Length,9.625 F-F Coll,,N
85C-61-0258,Min Length,10.125 F-F Coll,,N
85C-61-0260,Min Length,10.24 F-F Coll,,N
85C-61-0266,Min Length,10.50 F-F Coll,,N
85C-61-0267,Min Length,10.50 F-F Coll,,N
85C-61-0310,Min Length,12.20 F-F Coll,,N
85C-61-0320,Min Length,12.60 F-F Coll,,N
88SF-2.75-21SP,Length Through Hole,5&quot;,,N
88SF-2.87-21SP,Length Through Hole,5&quot;,,N
88SF-2.87-22SP,Length Through Hole,5&quot;,,N
88SF-3.12-75,Length Through Hole,5&quot;,,N
88SF-3.31-75,Length Through Hole,5&quot;,,N
88SF-3.50-87,Length Through Hole,5&quot;,,N
88SF-SRB,Length Through Hole,5&quot;,,N
96-01-2901,Length Through Hole,42mm,,N
96-01-2902,Length Through Hole,42mm,,N
9C-61-0188,Min Length,7.40 F-F Coll,,N
9C-61-0188,Tube Length,N,,N
9C-61-0210,Min Length,8.25 F-F Coll,,N
9C-61-0238,Min Length,9.37 F-F Coll,,N
9C-61-0245,Min Length,9.50 F-F Coll,,N
9C-61-0266,Min Length,10.50 F-F Coll,,N
9C-61-0270,Min Length,10.625 F-F Coll,,N
9C-61-0290,Min Length,11.42 F-F Coll,,N
9C-61-0300,Min Length,11.75 F-F Coll,,N
9S-40-0011,Length of Spline,4&quot;,,N
9S-53-0011,Shoulder Length,0.812&quot;,,N
9S-53-0011,Length of Spline,2&quot;,,N
9S-53-0021,Shoulder Length,0.812&quot;,,N
9S-53-0021,Length of Spline,4&quot;,,N
9S-53-0031,Shoulder Length,0.812&quot;,,N
9S-53-0031,Length of Spline,2.125&quot;,,N
31-84-1355,Bolt Hole Spacing Length,1.500&quot;,,N
31-84-1544,Bolt Hole Spacing Length,1.500&quot;,,N
31-94-0028,Thread Length,0.55&quot;,,N
33-84-1179,Bolt Hole Spacing Length,1.500&quot;,,N
33-94-0058,Thread Length,0.72&quot;,,N
35-94-0018,Thread Length,0.62&quot;,,N
