Notes,Number,Name,Date,IsActive,Barcode,ArticleAccountCoding,Unit,NetPrice,EU,stock,PurchasePrice,StockBalance,price_with_taxes,price_with_taxe +20%
,11356,(VO-213A) - Drivaksel h?yre,1633427368,TRUE,,90,PCE,,138,12,1490.4,,2200,2750
,11357,(VO-223A) - Drivaksel,1633427369,TRUE,,90,PCE,,74,11,799.2,,2399.2,2999
,11359,(VO-206) - (FD-285) - Drivaksel h?yre,1633427370,TRUE,,90,PCE,,63,11,680.4,,1912,2390
,11360,(TO-124A) - Drivaksel Venstre,1633427371,TRUE,,90,PCE,26000000,63,9,680.4,,2600,3250
,11361,(TO-323) - Drivaksel,1633427372,TRUE,,90,PCE,,82,9,885.6,,2560,3200
,11362,(TO-152A)- Drivaksel venstre,1633427373,TRUE,,90,PCE,20480000,69,8,745.2,,2048,2560
,30001,(VW-305A)- (vw-143A)- Drivaksel,1633427374,TRUE,,90,PCE,,43,7,464.4,,1199.2,1499
,53154,(PG-110A)- ((P177AL)) -((245101))- Drivaksel venstre,1633427375,TRUE,,90,PCE,,57,7,615.6,,1432,1790
,0482-V75R,(HO-259A) - Drivaksel h?yre,1633427376,TRUE,,90,PCE,22400000,82,7,885.6,,2240,2800
,0726q,(VW-284) - Drivaksel h?yre,1633427377,TRUE,,90,PCE,,81,7,874.8,,2352,2940
,37140-3507,(MB-226) - Drivaksel h?yre,1633427378,TRUE,,90,PCE,,72,6,777.6,,2500,3125
,AAAAAAA,(VO-108) - Drivaksel venstre,1633427379,TRUE,,90,PCE,,57,6,615.6,,1720,2150
,ABSRING,(NI-174) - (241481) - Drivaksel venstre,1633427380,TRUE,,90,PCE,,114,6,1231.2,,3192,3990
,AD-315,AD-214A (AD-206A) - Drivaksel h?yre,1633427381,TRUE,,90,PCE,,55,6,594,,1760,2200
,Bedriftspakke,BM-104 - Drivaksel venstre,1633427382,TRUE,,90,PCE,,62,6,669.6,,1744,2180
,CB-MB-9442,(Vw-247)- (VW-245)- Drivaksel,1633427383,TRUE,,90,PCE,,75,6,810,,2296,2870
,CB-MB-997,(MB-307) - Drivaksel,1633427384,TRUE,,90,PCE,,71,6,766.8,,2480,3100
,CB10000,(VW-145)- (vw-146)- Drivaksel,1633427385,TRUE,,90,PCE,,61,6,658.8,,2008,2510
,CB10001,(OP-206A) - Drivaksel h?yre,1633427386,TRUE,,90,PCE,,52,6,561.6,,1248,1560
,CB10003,(TO-153A) - Drivaksel framaksel venstre,1633427387,TRUE,,90,PCE,25000000,49,5,529.2,,2500,3125
,CB10004,(TO-132A) - Drivaksel venstre,1633427388,TRUE,,90,PCE,,71,5,766.8,,2516,3145
,CB10006,(CT-258) - Drivaksel h?yre,1633427389,TRUE,,90,PCE,23200000,74,5,799.2,,2320,2900
,CB10007,PG-206 -(PG-207)-(245104)- Drivaksel h?yre,1633427390,TRUE,,90,PCE,,51,5,550.8,,1599.2,1999
,CB10009,(RN-239) - Drivaksel h?yre,1633427391,TRUE,,90,PCE,,79,5,853.2,,2399.2,2999
,CB10010,(RN-132) - Drivaksel venstre,1633427392,TRUE,,90,PCE,,61,5,658.8,,1592,1990
,CB10012,(FD-272A) - (FD-242A)- Drivaksel h?yre,1633427393,TRUE,,90,PCE,,74,5,799.2,,2392,2990
,CB10013,BM-204 -(BM184RN)- Drivaksel h?yre,1633427394,TRUE,,90,PCE,,63,5,680.4,,1984,2480
,CB10014,(Gsp -261257 ) Drivaksel bak venstre,1633427395,TRUE,,90,PCE,17520000,37,5,399.6,,1752,2190
,CB10015,(BM-601) - Drivaksel,1633427396,TRUE,,90,PCE,,114,5,1231.2,,2544,3180
,CB10017,(HO-159A) Drivaksel venstre,1633427397,TRUE,,90,PCE,23992000,84,5,907.2,,2399.2,2999
,CB10019,(VO-210A) - Drivaksel Volvo framaksel h?yre,1633427398,TRUE,,90,PCE,18000000,61,5,658.8,,1800,2250
,CB10021,(FD-275)Drivaksel framaksel h?yre,1633427399,TRUE,,90,PCE,28720000,100,5,1080,,2872,3590
,CB10022,(HO-133A)-  Drivaksel venstre foran,1633427400,TRUE,,90,PCE,22400000,54,4,583.2,,2240,2800
,CB10025,(VO-2172) -(VO172RN)- Drivaksel,1633427401,TRUE,,90,PCE,,90,4,972,,2224,2780
,CB10026,Gsp-(259674),1633427402,TRUE,,90,PCE,,40,4,432,,2952,3690
,CB10028,Gsp-(259673),1633427403,TRUE,,90,PCE,,35,4,378,,2872,3590
,CB10029,(VO-116A) - Drivaksel venstre,1633427404,TRUE,,90,PCE,,68,4,734.4,,1832,2290
,CB10030,(FD-280) - Drivaksel h?yre,1633427405,TRUE,,90,PCE,,91,4,982.8,,2384,2980
,CB10031,(HO-250) - Drivaksel h?yre,1633427406,TRUE,,90,PCE,,82,4,885.6,,2120,2650
,CB10033,(VW-142) - Drivaksel venstre,1633427407,TRUE,,90,PCE,,71,4,766.8,,1920,2400
,CB10034,(VW-134) - Drivaksel venstre,1633427408,TRUE,,90,PCE,,47,4,507.6,,1759.2,2199
,CB10040,(OP-210A) - Drivaksel,1633427409,TRUE,,90,PCE,,43,4,464.4,,1462.4,1828
,CB10046,(VW-251) - Drivaksel h?yre,1633427410,TRUE,,90,PCE,,50,4,540,,1400,1750
,CB10048,(VW-155) - Drivaksel venstre,1633427411,TRUE,,90,PCE,18400000,48,4,518.4,,1840,2300
,CB10049,(CT-171) - Drivaksel venstre,1633427412,TRUE,,90,PCE,,107,4,1155.6,,2391.2,2989
,CB10051,RN-223 (rn-222) - Drivaksel,1633427413,TRUE,,90,PCE,,47,4,507.6,,1320,1650
,CB10052,(RN-130A) - Drivaksel venstre,1633427414,TRUE,,90,PCE,,74,4,799.2,,1960,2450
,CB10053,(TO-147A)- Drivaksel venstre,1633427415,TRUE,,90,PCE,23000000,89,4,961.2,,2300,2875
,CB10054,(CT-205) - Drivaksel,1633427416,TRUE,,90,PCE,,50,4,540,,1320,1650
,CB10055,BM-119 -(1914-E70LH)- Drivaksel,1633427417,TRUE,,90,PCE,,82,4,885.6,,3040,3800
,CB10056,(Fd-288)-Drivaksel framaksel h?yre,1633427418,TRUE,,90,PCE,25520000,77,4,831.6,,2552,3190
,CB10060,(TO-154) - Drivaksel venstre,1633427419,TRUE,,90,PCE,,77,4,831.6,,2600,3250
,CB10061,(FD-602A) Drivaksel,1633427420,TRUE,,90,PCE,,74,4,799.2,,2312,2890
,CB10067,(VO-214A) - Drivaksel h?yre,1633427421,TRUE,,90,PCE,,69,4,745.2,,1992,2490
,CB10070,"(FD-170) - Drivaksel, Volvo Ford, Venstre ",1633427422,TRUE,,90,PCE,15200000,50,3,540,,1520,1900
,CB10071,(MB-235A) - Drivaksel H?yre,1633427423,TRUE,,90,PCE,,102,3,1101.6,,3999.2,4999
,CB10072,(MB-324) - Drivaksel,1633427424,TRUE,,90,PCE,,56,3,604.8,,1800,2250
,CB10073,(MB-207) - Drivaksel h?yre,1633427425,TRUE,,90,PCE,,75,3,810,,2600,3250
,CB10074,(MB-192A) - Drivaksel venstre,1633427426,TRUE,,90,PCE,,163,3,1760.4,,3999.2,4999
,CB10075,(MB-202) - Drivaksel,1633427427,TRUE,,90,PCE,,94,3,1015.2,,4280,5350
,CB10076,(MB-302A) - Drivaksel,1633427428,TRUE,,90,PCE,,43,3,464.4,,1272,1590
,CB10078,(VO-233) - Drivaksel h?yre,1633427429,TRUE,,90,PCE,,114,3,1231.2,,2872,3590
,CB10084,(VO-106) - (FD-185)- Drivaksel,1633427430,TRUE,,90,PCE,,58,3,626.4,,1960,2450
,CB10085,(VO-212A) - Drivaksel,1633427431,TRUE,,90,PCE,,147,3,1587.6,,2500,3125
,CB10086,ncv73518 - Drivaksel,1633427432,TRUE,,90,PCE,,80,3,864,,2200,2750
,CB10087,(VO-136XP) - Drivaksel,1633427433,TRUE,,90,PCE,,75,3,810,,2200,2750
,CB10088,(FD-163) - Drivaksel venstre,1633427434,TRUE,,90,PCE,,61,3,658.8,,2040,2550
,CB10091,(FD-283) - Drivaksel h?yre,1633427435,TRUE,,90,PCE,,77,3,831.6,,2464,3080
,CB10093,(SB-310A) - Drivaksel,1633427436,TRUE,,90,PCE,,54,3,583.2,,1800,2250
,CB10094,(SB-309) - Drivaksel,1633427437,TRUE,,90,PCE,,60,3,648,,1800,2250
,CB10095,(NI-306) - Drivaksel,1633427438,TRUE,,90,PCE,,68,3,734.4,,2504.8,3131
,CB10098,(VW-424) - Drivaksel,1633427439,TRUE,,90,PCE,,77,3,831.6,,2080,2600
,CB10100,(VW-181)- (vw-141 )- Drivaksel,1633427440,TRUE,,90,PCE,,74,3,799.2,,1920,2400
,CB10102,(VW-308A) - Drivaksel,1633427441,TRUE,,90,PCE,,43,3,464.4,,1320,1650
,CB10103,(AD-215A) - Drivaksel h?yre,1633427442,TRUE,,90,PCE,,50,3,540,,1280,1600
,CB10104,(PG-412) - (MI180LN) - Drivaksel,1633427443,TRUE,,90,PCE,,71,3,766.8,,2480,3100
,CB10105,(PG-210A) - Drivaksel h?yre,1633427444,TRUE,,90,PCE,,50,3,540,,1400,1750
,CB10106,(CH-130A) - Drivaksel venstre,1633427445,TRUE,,90,PCE,,70,3,756,,1960,2450
,CB10107,(FI-216) -Drivaksel h?yre,1633427446,TRUE,,90,PCE,,63,3,680.4,,2200,2750
,CB10108,(RV-138A) - Drivaksel,1633427447,TRUE,,90,PCE,,148,3,1598.4,,2512,3140
,CB10109,(CT-217A) - Drivaksel h?yre,1633427448,TRUE,,90,PCE,,42,3,453.6,,1292.8,1616
,CB10110,(BM-122) - Drivaksel venstre,1633427449,TRUE,,90,PCE,,118,3,1274.4,,2399.2,2999
,CB10111,(BM-301A) - Drivaksel,1633427450,TRUE,,90,PCE,,53,3,572.4,,1488,1860
,CB10112,(VO-204A) - Drivaksel h?yre,1633427451,TRUE,,90,PCE,,65,3,702,,1680,2100
,CB10113,(VO-239A) - Drivaksel h?yre,1633427452,TRUE,,90,PCE,,105,3,1134,,2600,3250
,CB10115,(CT-209A) - Drivaksel h?yre,1633427453,TRUE,,90,PCE,,63,3,680.4,,1760,2200
,CB10116,(BM-304A) - Drivaksel,1633427454,TRUE,,90,PCE,,60,3,648,,1832,2290
,CB10117,(VW-285) - Drivaksel h?yre,1633427455,TRUE,,90,PCE,,101,3,1090.8,,2680,3350
,CB10119,(BM-206) - Drivaksel h?yre,1633427456,TRUE,,90,PCE,,62,3,669.6,,1992,2490
,CB10120,(FD-257) - Drivaksel h?yre,1633427457,TRUE,,90,PCE,,59,3,637.2,,1800,2250
,CB10121,(FD-503) - Drivaksel,1633427458,TRUE,,90,PCE,,87,3,939.6,,2600,3250
,CB10123,(VO-114A)- Drivaksel venstre,1633427459,TRUE,,90,PCE,20000000,71,2,766.8,,2000,2500
,CB10129,"(TO-322)- Drivaksel, Toyota, Framaksel",1633427460,TRUE,,90,PCE,24800000,87,2,939.6,,2480,3100
,CB10130,(VO-113A) - Drivaksel venstre,1633427461,TRUE,,90,PCE,22000000,137,2,1479.6,,2200,2750
,CB10131,(VO-110A) Drivaksel venstre,1633427462,TRUE,,90,PCE,16800000,56,2,604.8,,1680,2100
,CB10132,(FD-133) - Drivaksel venstre foran,1633427463,TRUE,,90,PCE,20280000,53,2,572.4,,2028,2535
,CB10135,(MB-191A) - Drivaksel venstre,1633427464,TRUE,,90,PCE,,163,2,1760.4,,5599.2,6999
,CB10137,(MB-105A) - Drivaksel venstre,1633427465,TRUE,,90,PCE,,50,2,540,,1544,1930
,CB10138,(MB-116) - Drivaksel venstre,1633427466,TRUE,,90,PCE,,65,2,702,,2600,3250
,CB10140,(MB-126) - Drivaksel venstre,1633427467,TRUE,,90,PCE,,57,2,615.6,,2368,2960
,CB10142,(MB-1610) - (1614-210LH)- Drivaksel,1633427468,TRUE,,90,PCE,,81,2,874.8,,3584,4480
,CB10144,(MB-292A) -(1614-203RH) - Drivaksel,1633427469,TRUE,,90,PCE,,163,2,1760.4,,4799.2,5999
,CB10145,(MB-603A) - (235009 ) - Drivaksel,1633427470,TRUE,,90,PCE,,60,2,648,,2144,2680
,CB10146,(MB-204)- Drivaksel h?yre,1633427471,TRUE,,90,PCE,,75,2,810,,3999.2,4999
,CB10147,(MB-205A) - Drivaksel h?yre,1633427472,TRUE,,90,PCE,,55,2,594,,1937.6,2422
,CB10148,(MB-301A) - Drivaksel,1633427473,TRUE,,90,PCE,,45,2,486,,1192,1490
,CB10149,(MB-211) - Drivaksel h?yre,1633427474,TRUE,,90,PCE,,63,2,680.4,,2519.2,3149
,CB10151,(VO-215A) Drivaksel h?yre,1633427475,TRUE,,90,PCE,,131,2,1414.8,,2392,2990
,CB10153,(VO-130A) - Drivaksel venstre,1633427476,TRUE,,90,PCE,,89,2,961.2,,2208,2760
,CB10154,(VO-231) -  (262053) Drivaksel,1633427477,TRUE,,90,PCE,,81,2,874.8,,2879.2,3599
,CB10156,(VO-225A) - Drivaksel h?yre,1633427478,TRUE,,90,PCE,,131,2,1414.8,,2660,3325
,CB10158,(TO-1886) - (0112-ZZT251LH),1633427479,TRUE,,90,PCE,,51,2,550.8,,1992,2490
,CB10159,Gsp - ( 259172 ),1633427480,TRUE,,90,PCE,,46,2,496.8,,2952,3690
,CB10161,Shaftec- (TO191L) ED- ( TO-164 )- Drivaksel,1633427481,TRUE,,90,PCE,,92,2,993.6,,2952,3690
,CB10162,Shaftec - (TO221LN) ED-(TO-160) Gsp-(259657),1633427482,TRUE,,90,PCE,,110,2,1188,,2760,3450
,CB10165,(VO-121A) - Drivaksel,1633427483,TRUE,,90,PCE,,98,2,1058.4,,2392,2990
,CB10168,(VO-224A) - Drivaksel h?yre,1633427484,TRUE,,90,PCE,,77,2,831.6,,1992,2490
,CB10169,Drivaksel h?yre,1633427485,TRUE,,90,PCE,,81,2,874.8,,,
,CB10171,(FD-220A) - Drivaksel h?yre,1633427486,TRUE,,90,PCE,,63,2,680.4,,1880,2350
,CB10172,(FD-258) Drivaksel h?yre,1633427487,TRUE,,90,PCE,,57,2,615.6,,1920,2400
,CB10173,(FD-186) - Drivaksel venstre,1633427488,TRUE,,90,PCE,,86,2,928.8,,2600,3250
,CB10174,(FD-118) - Drivaksel venstre,1633427489,TRUE,,90,PCE,,41,2,442.8,,1040,1300
,CB10175,(FD-119) - Drivaksel venstre,1633427490,TRUE,,90,PCE,,43,2,464.4,,1040,1300
,CB10176,(VO-112A) - Drivaksel venstre,1633427491,TRUE,,90,PCE,,156,2,1684.8,,3040,3800
,CB11001,(FD-263) - Drivaksel h?yre,1633427492,TRUE,,90,PCE,,68,2,734.4,,2040,2550
,CB20020,(FD-406) - Drivaksel,1633427493,TRUE,,90,PCE,,93,2,1004.4,,2672,3340
,CLUTCH200,(FD-172A) - Drivaksel venstre,1633427494,TRUE,,90,PCE,,66,2,712.8,,2312,2890
,DK10002,(FD-134)- (FD-156)- Drivaksel venstre,1633427495,TRUE,,90,PCE,,48,2,518.4,,1920,2400
,DK10003,(HO-233A) - Drivaksel h?yre,1633427496,TRUE,,90,PCE,,57,2,615.6,,2320,2900
,DK10028,(HO-222A) - Drivaksel h?yre,1633427497,TRUE,,90,PCE,,56,2,604.8,,1744,2180
,DK10030,(HO-122A) - Drivaksel venstre,1633427498,TRUE,,90,PCE,,50,2,540,,1744,2180
,DK10035,(HO-234A) - Drivaksel h?yre,1633427499,TRUE,,90,PCE,,58,2,626.4,,2120,2650
,DK10038,(HO-158) - Drivaksel venstre,1633427500,TRUE,,90,PCE,,71,2,766.8,,2544,3180
,DK10041,(NI-307) - Drivaksel,1633427501,TRUE,,90,PCE,,98,2,1058.4,,2067.2,2584
,DK10053,(NI-130A) - Drivaksel venstre,1633427502,TRUE,,90,PCE,,50,2,540,,1080,1350
,DK10054,(NI-271) - Drivaksel h?yre,1633427503,TRUE,,90,PCE,,86,2,928.8,,2500,3125
,DK10060,(NI-171) - Drivaksel venstre,1633427504,TRUE,,90,PCE,,75,2,810,,2399.2,2999
,DK10067,(NI-137A) - Drivaksel venstre,1633427505,TRUE,,90,PCE,,44,2,475.2,,1184,1480
,DK10072,(VW-154) - Drivaksel venstre,1633427506,TRUE,,90,PCE,,48,2,518.4,,1752,2190
,DK10074,(VW-420) - Drivaksel,1633427507,TRUE,,90,PCE,,63,2,680.4,,2040,2550
,DK10096,(VW-140A) - Drivaksel venstre,1633427508,TRUE,,90,PCE,,53,2,572.4,,1480,1850
,DK10105,(VW-150) - Drivaksel venstre,1633427509,TRUE,,90,PCE,,50,2,540,,1584,1980
,DK10130,(VW-302A) - Drivaksel,1633427510,TRUE,,90,PCE,,52,2,561.6,,1512,1890
,DK10132,(OP-106A) - Drivaksel venstre,1633427511,TRUE,,90,PCE,,49,2,529.2,,1352,1690
,DK10133,(OP-110A)- (OP-109A)- Drivaksel,1633427512,TRUE,,90,PCE,,43,2,464.4,,1520,1900
,DK10141,(OP-123) - Drivaksel venstre,1633427513,TRUE,,90,PCE,,70,2,756,,1840,2300
,DK10142,(OP-203A) - Drivaksel h?yre,1633427514,TRUE,,90,PCE,,48,2,518.4,,1416,1770
,DK10145,(OP-217A) - Drivaksel h?yre,1633427515,TRUE,,90,PCE,,54,2,583.2,,1752,2190
,DK10148,(VW-243A) - Drivaksel h?yre,1633427516,TRUE,,90,PCE,,57,2,615.6,,1592,1990
,DK10152,(VW-203)- Drivaksel h?yre,1633427517,TRUE,,90,PCE,,49,2,529.2,,1759.2,2199
,DK10155,(VW-504) - Drivaksel,1633427518,TRUE,,90,PCE,,107,2,1155.6,,2944,3680
,DK10164,(VW-286) - Drivaksel h?yre,1633427519,TRUE,,90,PCE,,61,2,658.8,,2152,2690
,DK10171,(VW-230) - Drivaksel h?yre,1633427520,TRUE,,90,PCE,,46,2,496.8,,1112,1390
,DK10191,(VW-234) - Drivaksel h?yre,1633427521,TRUE,,90,PCE,,47,2,507.6,,1737.6,2172
,DK10211,(VW-240A) - Drivaksel h?yre,1633427522,TRUE,,90,PCE,,51,2,550.8,,1960,2450
,DK10223,(PG-123) - Drivaksel venstre,1633427523,TRUE,,90,PCE,,60,2,648,,1432,1790
,DK10244,(HY-29659) -  (1214-CAMTRH) - Drivaksel,1633427524,TRUE,,90,PCE,,54,2,583.2,,2144,2680
,DK10247,(HY-2174) -  (HY174RN) - Drivaksel,1633427525,TRUE,,90,PCE,,130,2,1404,,2240,2800
,DK10249,(HY-1150) -  (1214-SOLLH) - Drivaksel,1633427526,TRUE,,90,PCE,,43,2,464.4,,1592,1990
,DK10255,(PG-205A1) Drivaksel h?yre,1633427527,TRUE,,90,PCE,,49,2,529.2,,1200,1500
,DK10263,(PG-107) - Drivaksel venstre,1633427528,TRUE,,90,PCE,,46,2,496.8,,1512,1890
,DK10267,(PG-105A1) - Drivaksel venstre,1633427529,TRUE,,90,PCE,,46,2,496.8,,1320,1650
,DK10268,(AD-102A) - Drivaksel venstre,1633427530,TRUE,,90,PCE,,49,2,529.2,,1752,2190
,DK10280,(VW-246) - Drivaksel h?yre,1633427531,TRUE,,90,PCE,,96,2,1036.8,,2356,2945
,DK10282,(KA-218A) - Drivaksel h?yre,1633427532,TRUE,,90,PCE,,65,2,702,,2120,2650
,DK10295,AD-114A (AD-106A) (203057) - Drivaksel,1633427533,TRUE,,90,PCE,,54,2,583.2,,1760,2200
,DK10296,(AD-506) - Drivaksel,1633427534,TRUE,,90,PCE,,102,2,1101.6,,2312,2890
,DK10300,(AD-113A) - Drivaksel venstre,1633427535,TRUE,,90,PCE,,63,2,680.4,,1720,2150
,DK10302,(MI-130A) - Drivaksel venstre,1633427536,TRUE,,90,PCE,,42,2,453.6,,1359.2,1699
,DK10306,SB-205A -((SA112ARN))- Drivaksel,1633427537,TRUE,,90,PCE,,77,2,831.6,,2312,2890
,DK10308,(CT-212A) - Drivaksel h?yre,1633427538,TRUE,,90,PCE,,62,2,669.6,,1352,1690
,DK10310,(MI-296) - Drivaksel h?yre,1633427539,TRUE,,90,PCE,,84,2,907.2,,2660,3325
,DK10311,(RV-306A) - Drivaksel,1633427540,TRUE,,90,PCE,,83,2,896.4,,2392,2990
,DK10314,(CT-206A) - Drivaksel h?yre,1633427541,TRUE,,90,PCE,,50,2,540,,1199.2,1499
,DK10316,(CT-223) - Drivaksel h?yre,1633427542,TRUE,,90,PCE,,67,2,723.6,,1720,2150
,DK10318,(CT-107) - Drivaksel venstre,1633427543,TRUE,,90,PCE,,36,2,388.8,,910.4,1138
,DK10323,(CT-128) - Drivaksel venstre,1633427544,TRUE,,90,PCE,,87,2,939.6,,2320,2900
,DK10328,(CT-207) - Drivaksel h?yre,1633427545,TRUE,,90,PCE,,38,2,410.4,,1000,1250
,DK10330,(CT-270) - Drivaksel h?yre,1633427546,TRUE,,90,PCE,,93,2,1004.4,,1880,2350
,DK10334," Drivaksel Bmw, Framaksel venstre",1633427547,TRUE,,90,PCE,0,75,2,810,,3832,4790
,DK10335,(BM-205) Drivaksel foran h?yre,1633427548,TRUE,,90,PCE,15200000,63,2,680.4,,1520,1900
,DK10341,BM-1225 (BM225L) - Drivaksel,1633427549,TRUE,,90,PCE,,114,2,1231.2,,2639.2,3299
,DK10344,"Shaftec-(BM225R), GSP-(205134), ED-(BM-508)- Drivaksel",1633427550,TRUE,,90,PCE,,81,2,874.8,,2639.2,3299
,DK10345,(BM-102) - Drivaksel venstre,1633427551,TRUE,,90,PCE,,50,2,540,,1592,1990
,DK10348,(BM-107A) - Drivaksel,1633427552,TRUE,,90,PCE,,58,2,626.4,,1783.2,2229
,DK10350,(BM-302A ( BM-116A )- Drivaksel,1633427553,TRUE,,90,PCE,,74,2,799.2,,1832,2290
,DK10355,BM-504 -(BM-505) - Drivaksel,1633427554,TRUE,,90,PCE,,77,2,831.6,,3832,4790
,DK10363,(RN-104A1) - Drivaksel,1633427555,TRUE,,90,PCE,,40,2,432,,960,1200
,DK10366,(RN-101A) - Drivaksel,1633427556,TRUE,,90,PCE,,51,2,550.8,,1440,1800
,DK10368,RN-237A (rn-211a) - Drivaksel,1633427557,TRUE,,90,PCE,,63,2,680.4,,1839.2,2299
,DK10369,(RN-232) - Drivaksel,1633427558,TRUE,,90,PCE,,58,2,626.4,,1680,2100
,DK10371,(RN-224) - Drivaksel h?yre,1633427559,TRUE,,90,PCE,,72,2,777.6,,1752,2190
,DK10383,(RN-110A1) - Drivaksel venstre,1633427560,TRUE,,90,PCE,,45,2,486,,1104,1380
,DK10388,(RN-139) - Drivaksel venstre,1633427561,TRUE,,90,PCE,,75,2,810,,2384,2980
,DK10391,(VW-241) - Drivaksel venstre,1633427562,TRUE,,90,PCE,,75,2,810,,2340,2925
,DK10395,(OP-111) - Drivaksel venstre,1633427563,TRUE,,90,PCE,,46,2,496.8,,1512,1890
,DK10396,(SA-601A) - Drivaksel,1633427564,TRUE,,90,PCE,,75,2,810,,2185.6,2732
,DK10397,(BM-604) - Drivaksel,1633427565,TRUE,,90,PCE,,110,2,1188,,2872,3590
,DK10405,(FD-175)-Drivaksel framaksel venstre,1633427566,TRUE,,90,PCE,27840000,82,2,885.6,,2784,3480
,DK10407,( FD-173A ) - Drivaksel venstre,1633427567,TRUE,,90,PCE,23200000,67,2,723.6,,2320,2900
,DK10408,(VW-281) - Drivaksel h?yre,1633427568,TRUE,,90,PCE,,84,2,907.2,,2200,2750
,DK10410,(MB-203A) - Drivaksel h?yre,1633427569,TRUE,,90,PCE,,68,2,734.4,,2337.6,2922
,DK10411,(CT-278) - Drivaksel h?yre,1633427570,TRUE,,90,PCE,,62,2,669.6,,1800,2250
,DK10412,(OP-209A) - Drivaksel h?yre,1633427571,TRUE,,90,PCE,,44,2,475.2,,1480,1850
,DK10413,PG-207 - Drivaksel saknar p? hemsida,1633427572,TRUE,,90,PCE,,49,2,529.2,,,
,DK10414,(CT-237) - Drivaksel h?yre,1633427573,TRUE,,90,PCE,,58,2,626.4,,1512,1890
,DK10415,(TO-120A) - Drivaksel venstre,1633427574,TRUE,,90,PCE,,91,2,982.8,,2112,2640
,DK10416,(AD-115A) - Drivaksel venstre,1633427575,TRUE,,90,PCE,,50,2,540,,1592,1990
,DK10417,"(TO-158) - Drivaksel, framaksel venstre",1633427576,TRUE,,90,PCE,25000000,63,2,680.4,,2500,3125
,DK10418,(FD-295) - Drivaksel h?yre,1633427577,TRUE,,90,PCE,26880000,88,2,950.4,,2688,3360
,DK10419,Psvw02,1633427578,TRUE,,90,PCE,,294,2,3175.2,,4799.2,5999
,DK10420,PSVW01,1633427579,TRUE,,90,PCE,,249,2,2689.2,,4799.2,5999
,DK10425,PSBM03,1633427580,TRUE,,90,PCE,,102,2,1101.6,,3400,4250
,DK10426,PSMB03,1633427581,TRUE,,90,PCE,,301,2,3250.8,,6000,7500
,DK10432,KD-PSHO02,1633427582,TRUE,,90,PCE,,225,2,2430,,6312,7890
,DK10435,(HO-257) - Drivaksel h?yre,1633427583,TRUE,,90,PCE,24000000,74,1,799.2,,2400,3000
,DK10436,(GSp- 201130) Drivaksel bak,1633427584,TRUE,,90,PCE,21264000,35,1,378,,2126.4,2658
,DK10439,(VO-211A) - Drivaksel h?yre,1633427585,TRUE,,90,PCE,19920000,65,1,702,,1992,2490
,DK10444,(VO-132) - Drivaksel venstre,1633427586,TRUE,,90,PCE,26000000,124,1,1339.2,,2600,3250
,DK10445,"(FD-276) - Drivaksel, Ford, Framaksel h?yre ",1633427587,TRUE,,90,PCE,29520000,153,1,1652.4,,2952,3690
,DK10448,"(TO-3322) - Drivaksel, ytre drivledd, ",1633427588,TRUE,,90,PCE,22080000,48,1,518.4,,2208,2760
,DK10453,"(FD-256) - Drivaksel, Ford, h?yre ",1633427589,TRUE,,90,PCE,18000000,46,1,496.8,,1800,2250
,DK10458,"(FD-188)- Drivaksel, Ford, Framaksel venstre",1633427590,TRUE,,90,PCE,22400000,75,1,810,,2240,2800
,DK10459,MB-1005 -(ME178LN)- Drivaksel,1633427591,TRUE,,90,PCE,,145,1,1566,,3832,4790
,DK10463,(MB-104) Drivaksel,1633427592,TRUE,,90,PCE,,84,1,907.2,,3999.2,4999
,DK10467,(MB-135A) Drivaksel venstre,1633427593,TRUE,,90,PCE,,140,1,1512,,3600,4500
,DK10474,(MB-3182) - (ME182LR) - Drivaksel,1633427594,TRUE,,90,PCE,,203,1,2192.4,,4200,5250
,DK10482,(MB-2500) - (1614-221FRH) -Drivaksel,1633427595,TRUE,,90,PCE,,192,1,2073.6,,5200,6500
,DK10483,MB-1500 -(1614-221FLH)- Drivaksel venstre,1633427596,TRUE,,90,PCE,,192,1,2073.6,,5000,6250
,DK10484,(MB-234A) Drivaksel h?yre,1633427597,TRUE,,90,PCE,,114,1,1231.2,,3400,4250
,DK10485,(MB-1919)  -(ME177L)- Drivaksel,1633427598,TRUE,,90,PCE,,140,1,1512,,3856,4820
,DK10486,(MB-103A) Drivaksel venstre,1633427599,TRUE,,90,PCE,,74,1,799.2,,2360,2950
,DK10490,(VO-3248) - (VO212LR),1633427600,TRUE,,90,PCE,,120,1,1296,,2240,2800
,DK10491,(VO-512) - Drivaksel,1633427601,TRUE,,90,PCE,,75,1,810,,3199.2,3999
,DK10502,(VO-104A) - Drivaksel venstre,1633427602,TRUE,,90,PCE,,66,1,712.8,,1599.2,1999
,DK10507,(VO-219A) - Drivaksel h?yre,1633427603,TRUE,,90,PCE,,96,1,1036.8,,2384,2980
,DK10508,(VO-220A) -  (vo-221A) - Drivaksel,1633427604,TRUE,,90,PCE,,106,1,1144.8,,2288,2860
,DK10510,(VO-137A) - Drivaksel venstre,1633427605,TRUE,,90,PCE,,110,1,1188,,2392,2990
,DK10513,(TO-148) - Drivaksel venstre,1633427606,TRUE,,90,PCE,,90,1,972,,2232,2790
,Dk10522,(TO-3345) - (0114-KUN26)- Drivaksel,1633427607,TRUE,,90,PCE,,122,1,1317.6,,2392,2990
,DK10523,(TO-131A)  -(TO-8-818)- Drivaksel,1633427608,TRUE,,90,PCE,,91,1,982.8,,2112,2640
,DK10525,(TO-3965) -(0114-074)- Drivaksel,1633427609,TRUE,,90,PCE,,57,1,615.6,,2048,2560
,DK10526,(TO-244A) - Drivaksel h?yre,1633427610,TRUE,,90,PCE,,66,1,712.8,,2640,3300
,DK10527,(TO-1010) -  (TO181L)- Drivaksel,1633427611,TRUE,,90,PCE,,100,1,1080,,2760,3450
,DK10531,(TO-162A) - (TO158LN)- Drivaksel,1633427612,TRUE,,90,PCE,,77,1,831.6,,2799.2,3499
,DK10532,(TO-1984)  - (0114-ACV30A48)- Drivaksel,1633427613,TRUE,,90,PCE,,55,1,594,,1592,1990
,DK10533,(VO-119A) - Drivaksel venstre,1633427614,TRUE,,90,PCE,,102,1,1101.6,,2160,2700
,DK10534,(VO-127A ) - Drivaksel venstre,1633427615,TRUE,,90,PCE,,125,1,1350,,2799.2,3499
,DK10535,(VO-522) - Drivaksel,1633427616,TRUE,,90,PCE,,99,1,1069.2,,2040,2550
,DK10539,(VO-140A) - Drivaksel,1633427617,TRUE,,90,PCE,,69,1,745.2,,1992,2490
,DK10542,(FD-248)- ( FD-233)- ((299042))-Drivaksel,1633427618,TRUE,,90,PCE,,54,1,583.2,,2028,2535
,DK10548,(FD-267A) - Drivaksel h?yre,1633427619,TRUE,,90,PCE,,81,1,874.8,,2312,2890
,DK10552,(FD-158) - Drivaksel venstre,1633427620,TRUE,,90,PCE,,50,1,540,,1760,2200
,DK10553,(FD-1630) - (FO221LN)- Drivaksel,1633427621,TRUE,,90,PCE,,105,1,1134,,2120,2650
,DK10555,(FD-179) - Drivaksel venstre,1633427622,TRUE,,90,PCE,,78,1,842.4,,2152,2690
,DK10556,(VO-133) - Drivaksel venstre,1633427623,TRUE,,90,PCE,,111,1,1198.8,,2544,3180
,DK10558,(FD-2630)- (FO221RN)- Drivaksel,1633427624,TRUE,,90,PCE,,125,1,1350,,2160,2700
,DK10563,(VO-222A) - Drivaksel h?yre,1633427625,TRUE,,90,PCE,,77,1,831.6,,2240,2800
,DK10564,(VO-117A) - Drivaksel venstre,1633427626,TRUE,,90,PCE,,92,1,993.6,,2392,2990
,DK10569,(VO-131) - Drivaksel venstre,1633427627,TRUE,,90,PCE,,68,1,734.4,,2240,2800
,DK10570,(FD-171A) - Drivaksel venstre,1633427628,TRUE,,90,PCE,,88,1,950.4,,1880,2350
,DK10571,(FD-403) - Drivaksel,1633427629,TRUE,,90,PCE,,63,1,680.4,,1936,2420
,DK10572,(FD-218) - Drivaksel h?yre,1633427630,TRUE,,90,PCE,,45,1,486,,1520,1900
,DK10577,(FD-248) - ( FD-233) - ((299042)),1633427631,TRUE,,90,PCE,,54,1,583.2,,2028,2535
,DK10579,(FD-164) (FD-165)- Drivaksel venstre,1633427632,TRUE,,90,PCE,,62,1,669.6,,1320,1650
,DK10584,(FD-401) - Drivaksel,1633427633,TRUE,,90,PCE,,63,1,680.4,,1984,2480
,DK10586,(FD-259) - Drivaksel,1633427634,TRUE,,90,PCE,,55,1,594,,1880,2350
,DK10591,(FD-159)- Drivaksel venstre,1633427635,TRUE,,90,PCE,,55,1,594,,1119.2,1399
,DK10592,(FD-249A) - Drivaksel h?yre,1633427636,TRUE,,90,PCE,,61,1,658.8,,1800,2250
,DK10593,(FD-109A) - Drivaksel venstre,1633427637,TRUE,,90,PCE,,46,1,496.8,,1432.8,1791
,DK10594,(FD-227) - Drivaksel h?yre,1633427638,TRUE,,90,PCE,,63,1,680.4,,1280,1600
,DK10595,(HO-157)- Drivaksel venstre,1633427639,TRUE,,90,PCE,,71,1,766.8,,2240,2800
,DK10599,(HO-149) - Drivaksel venstre,1633427640,TRUE,,90,PCE,,63,1,680.4,,1912,2390
,DK10602,(HO-218A) - Drivaksel h?yre,1633427641,TRUE,,90,PCE,,56,1,604.8,,2160,2700
,DK10604,(HO-115A)- (HO-138A)- Drivaksel,1633427642,TRUE,,90,PCE,,50,1,540,,1560,1950
,DK10605,(HO-247) - Drivaksel h?yre,1633427643,TRUE,,90,PCE,,62,1,669.6,,1992,2490
,DK10606,(HO-258) - Drivaksel h?yre,1633427644,TRUE,,90,PCE,,74,1,799.2,,2600,3250
,DK10611,(SB-315A) - (SU137LR),1633427645,TRUE,,90,PCE,,67,1,723.6,,1946.4,2433
,DK10614,(NI-256A) - Drivaksel h?yre,1633427646,TRUE,,90,PCE,,62,1,669.6,,1400,1750
,DK10627,(NI-173A) - Drivaksel venstre,1633427647,TRUE,,90,PCE,,89,1,961.2,,2399.2,2999
,DK10629,(NI-104A1)- Drivaksel venstre,1633427648,TRUE,,90,PCE,,46,1,496.8,,1279.2,1599
,DK10632,(NI-133A) - Drivaksel venstre,1633427649,TRUE,,90,PCE,,46,1,496.8,,1160,1450
,DK10634,(NI-204A1) - Drivaksel h?yre,1633427650,TRUE,,90,PCE,,54,1,583.2,,1320,1650
,DK10636,(NI-262) - Drivaksel venstre,1633427651,TRUE,,90,PCE,,57,1,615.6,,1592,1990
,DK10638,(NI-168) - Drivaksel venstre,1633427652,TRUE,,90,PCE,,53,1,572.4,,1728,2160
,DK10646,(NI-162) - Drivaksel venstre,1633427653,TRUE,,90,PCE,,57,1,615.6,,1512,1890
,DK10656,(NI-169) - Drivaksel venstre,1633427654,TRUE,,90,PCE,,66,1,712.8,,1824,2280
,DK10659,(VW-255)- Drivaksel h?yre,1633427655,TRUE,,90,PCE,19200000,49,1,529.2,,1920,2400
,DK10661,(VW-245) drivaksel h?yre,1633427656,TRUE,,90,PCE,20800000,66,1,712.8,,2080,2600
,DK10662,"(VW-304) - Drivaksel, Volkswagen, Bakaksel Venstre, Bakaksel",1633427657,TRUE,,90,PCE,13200000,42,1,453.6,,1320,1650
,DK10664,(VW-119) - Drivaksel venstre,1633427658,TRUE,,90,PCE,,59,1,637.2,,1960,2450
,DK10665,(VW-124A) - Drivaksel venstre,1633427659,TRUE,,90,PCE,,56,1,604.8,,1352,1690
,DK10666,(VW-409) -(SE179L)- Drivaksel,1633427660,TRUE,,90,PCE,,103,1,1112.4,,2312,2890
,DK10667,(VW-151) -(253003)- Drivaksel venstre,1633427661,TRUE,,90,PCE,,49,1,529.2,,1376,1720
,Dk10668,(VW-153) - Drivaksel venstre,1633427662,TRUE,,90,PCE,,52,1,561.6,,1752,2190
,DK10669,(VW-185) - Drivaksel venstre,1633427663,TRUE,,90,PCE,,63,1,680.4,,2799.2,3499
,DK10672,(VW-118) - (VW-113)- Drivaksel,1633427664,TRUE,,90,PCE,,50,1,540,,1657.6,2072
,DK10673,(VW-180) - Drivaksel venstre,1633427665,TRUE,,90,PCE,,46,1,496.8,,1912,2390
,DK10676,(VW-179) - Drivaksel venstre,1633427666,TRUE,,90,PCE,,63,1,680.4,,2216,2770
,DK10677,(VW-135) - Drivaksel venstre,1633427667,TRUE,,90,PCE,,41,1,442.8,,1700,2125
,DK10678,(VW-1223)- (VW223L)- Drivaksel,1633427668,TRUE,,90,PCE,,82,1,885.6,,2320,2900
,DK10691,(VW-309A) - Drivaksel,1633427669,TRUE,,90,PCE,,50,1,540,,1680,2100
,DK10695,(OP-112) - Drivaksel venstre,1633427670,TRUE,,90,PCE,,50,1,540,,1592,1990
,DK10699,(OP-223) - Drivaksel h?yre,1633427671,TRUE,,90,PCE,,66,1,712.8,,1999.2,2499
,DK10700,(OP-204A) - Drivaksel h?yre,1633427672,TRUE,,90,PCE,,44,1,475.2,,1160,1450
,DK10703,(OP-126A) - Drivaksel venstre,1633427673,TRUE,,90,PCE,,72,1,777.6,,1480,1850
,DK10708,(OP-216) - Drivaksel h?yre,1633427674,TRUE,,90,PCE,,57,1,615.6,,1839.2,2299
,DK10709,(OP-212) - Drivaksel h?yre,1633427675,TRUE,,90,PCE,,50,1,540,,1400,1750
,DK10711,(OP-224) - Drivaksel h?yre,1633427676,TRUE,,90,PCE,,62,1,669.6,,1912,2390
,DK10719,(OP-117A) - Drivaksel venstre,1633427677,TRUE,,90,PCE,,61,1,658.8,,1752,2190
,DK10759,(OP-103A) - Drivaksel venstre,1633427678,TRUE,,90,PCE,,49,1,529.2,,1424,1780
,DK10765,(OP-205A) - Drivaksel h?yre,1633427679,TRUE,,90,PCE,,45,1,486,,1160,1450
,DK10771,(OP-105A) - Drivaksel venstre,1633427680,TRUE,,90,PCE,,47,1,507.6,,1504,1880
,DK10774,(VW-227) - Drivaksel h?yre,1633427681,TRUE,,90,PCE,,81,1,874.8,,2500,3125
,DK10780,(VW-225A) - Drivaksel h?yre,1633427682,TRUE,,90,PCE,,50,1,540,,1160,1450
,DK10788,(VW-292) - Drivaksel h?yre,1633427683,TRUE,,90,PCE,,55,1,594,,1992,2490
,DK10795,(VW-253) - Drivaksel h?yre,1633427684,TRUE,,90,PCE,,52,1,561.6,,1880,2350
,DK10808,(VW-244A) - Drivaksel h?yre,1633427685,TRUE,,90,PCE,,52,1,561.6,,2559.2,3199
,DK10815,(VW-254) - Drivaksel h?yre,1633427686,TRUE,,90,PCE,,47,1,507.6,,1744,2180
,DK10816,(KA-192A) - Drivaksel Venstre,1633427687,TRUE,,90,PCE,29200000,77,1,831.6,,2920,3650
,DK10821,(CT-158) - Drivaksel venstre,1633427688,TRUE,,90,PCE,23200000,80,1,864,,2320,2900
,DK10822,(HY-1198) - (HY158LN)- Drivaksel,1633427689,TRUE,,90,PCE,,115,1,1242,,2879.2,3599
,DK10827,(HY-257A) - Drivaksel h?yre,1633427690,TRUE,,90,PCE,,88,1,950.4,,2208,2760
,DK10831,(HY-1169)- (1214-CAMTLH)- Drivaksel,1633427691,TRUE,,90,PCE,,54,1,583.2,,1680,2100
,DK10834,(HY-210A) - Drivaksel h?yre,1633427692,TRUE,,90,PCE,,73,1,788.4,,1912,2390
,DK10835,(HY-122A) - Drivaksel venstre,1633427693,TRUE,,90,PCE,,73,1,788.4,,1960,2450
,DK10837,(HY-125A) - Drivaksel venstre,1633427694,TRUE,,90,PCE,,74,1,799.2,,2072,2590
,DK10857,(PG-201A1) - Drivaksel h?yre,1633427695,TRUE,,90,PCE,,58,1,626.4,,1512,1890
,DK10867,(KA-110A) - Drivaksel venstre,1633427696,TRUE,,90,PCE,,86,1,928.8,,2120,2650
,DK10870,(SK-222A) - Drivaksel h?yre,1633427697,TRUE,,90,PCE,,62,1,669.6,,2312,2890
,DK10871,PG-1010 -( P182ALN ) - Drivaksel,1633427698,TRUE,,90,PCE,,78,1,842.4,,1824,2280
,DK10880,(PG-109A) - Drivaksel venstre,1633427699,TRUE,,90,PCE,,46,1,496.8,,1432,1790
,DK10881,(SB-107A) - Drivaksel venstre,1633427700,TRUE,,90,PCE,,50,1,540,,1359.2,1699
,DK10882,(PG-209A) - Drivaksel h?yre,1633427701,TRUE,,90,PCE,,48,1,518.4,,1360,1700
,DK10883,(AD-282A) - Drivaksel h?yre,1633427702,TRUE,,90,PCE,,72,1,777.6,,2640,3300
,DK10884,(AD-202A) - Drivaksel h?yre,1633427703,TRUE,,90,PCE,,49,1,529.2,,1752,2190
,DK10885,(AD-326) - Drivaksel,1633427704,TRUE,,90,PCE,,85,1,918,,2684.8,3356
,DK10886,(AD-111A) - Drivaksel ventre,1633427705,TRUE,,90,PCE,,50,1,540,,1432,1790
,DK10887,(MI-142A) - Drivaksel venstre,1633427706,TRUE,,90,PCE,25768000,81,1,874.8,,2576.8,3221
,DK10889,(AD-109A) - Drivaksel venstre,1633427707,TRUE,,90,PCE,,50,1,540,,1184,1480
,DK10893,(AD-318) - Drivaksel,1633427708,TRUE,,90,PCE,,58,1,626.4,,2240,2800
,DK10894,AD-1354 (AU354L),1633427709,TRUE,,90,PCE,,95,1,1026,,2480,3100
,DK10896,(AD-422) - Drivaksel,1633427710,TRUE,,90,PCE,,105,1,1134,,2384,2980
,DK10897,(AD-211A) - Drivaksel h?yre,1633427711,TRUE,,90,PCE,,52,1,561.6,,1472,1840
,DK10901,(MI-140) - Drivaksel venstre,1633427712,TRUE,,90,PCE,,71,1,766.8,,2392,2990
,DK10903,(MI-240) - Drivaksel h?yre,1633427713,TRUE,,90,PCE,,68,1,734.4,,2384,2980
,DK10912,MI-1198 (MI198L),1633427714,TRUE,,90,PCE,,156,1,1684.8,,3864,4830
,DK10914,(SK-214A) - Drivaksel h?yre,1633427715,TRUE,,90,PCE,,62,1,669.6,,1912,2390
,DK10916,(RV-301A) - Drivaksel,1633427716,TRUE,,90,PCE,,47,1,507.6,,1572.8,1966
,DK10917,(MZ-271A) - Drivaksel h?yre,1633427717,TRUE,,90,PCE,,81,1,874.8,,2300.8,2876
,DK10920,(MI-287A) - Drivaksl h?yre,1633427718,TRUE,,90,PCE,,83,1,896.4,,2256,2820
,DK10921,(RV-140A) - Drivaksel venstre,1633427719,TRUE,,90,PCE,,82,1,885.6,,2232,2790
,DK10929,(MZ-128A) Drivaksel venstre,1633427720,TRUE,,90,PCE,,92,1,993.6,,2952,3690
,DK10930,(FI-502) - Drivaksel,1633427721,TRUE,,90,PCE,,50,1,540,,1584,1980
,DK10932,MI-1159 -(MI159LN) - Drivaksel,1633427722,TRUE,,90,PCE,,99,1,1069.2,,2399.2,2999
,DK10933,(RV-302A) - Drivaksel,1633427723,TRUE,,90,PCE,,53,1,572.4,,2312,2890
,DK10935,(MZ-117) - Drivaksel venstre,1633427724,TRUE,,90,PCE,,66,1,712.8,,1880,2350
,DK10940,(MZ-105A) - Drivaksel venstre,1633427725,TRUE,,90,PCE,,55,1,594,,1808,2260
,DK10943,(MZ-217) - Drivaksel h?yre,1633427726,TRUE,,90,PCE,,62,1,669.6,,2008,2510
,DK10944,SZ-2645 (SZ134RN) - Drivaksel,1633427727,TRUE,,90,PCE,,94,1,1015.2,,2552,3190
,DK10947,(FI-215) - Drivaksel,1633427728,TRUE,,90,PCE,,65,1,702,,1760,2200
,DK10948,(FI-401) - Drivaksel,1633427729,TRUE,,90,PCE,,75,1,810,,2399.2,2999
,DK10949,(SK-207A) - Drivaksel,1633427730,TRUE,,90,PCE,,72,1,777.6,,2312,2890
,DK10950,(RV-238A) - Drivaksel h?yre,1633427731,TRUE,,90,PCE,,143,1,1544.4,,3112,3890
,DK10951,(MI-501A) - Drivaksel,1633427732,TRUE,,90,PCE,,136,1,1468.8,,2384,2980
,DK10952,(RV-236A) - Drivaksel h?yre,1633427733,TRUE,,90,PCE,,106,1,1144.8,,2560,3200
,DK10954,(FI-508) - Drivaksel,1633427734,TRUE,,90,PCE,,83,1,896.4,,1992,2490
,DK10955,(JG-102A) - Drivaksel venstre,1633427735,TRUE,,90,PCE,,61,1,658.8,,2000,2500
,DK10956,(KI-2235) - (KI192R)-  Drivaksel h?yre,1633427736,TRUE,,90,PCE,28000000,103,1,1112.4,,2800,3500
,DK10957,(MZ-151A) - Drivaksel venstre,1633427737,TRUE,,90,PCE,,62,1,669.6,,1960,2450
,DK10958,(RV-103A) - Drivaksel venstre,1633427738,TRUE,,90,PCE,,49,1,529.2,,1680,2100
,DK10959,MI-2198 (MI198R) - Drivaksel,1633427739,TRUE,,90,PCE,,128,1,1382.4,,3040,3800
,DK10960,(MI-230A) - Drivaksel,1633427740,TRUE,,90,PCE,,74,1,799.2,,1810.4,2263
,DK10964,KA-118A (KA-119A) - Drivaksel,1633427741,TRUE,,90,PCE,,63,1,680.4,,2000,2500
,DK10968,(CT-109A) - Drivaksel venstre,1633427742,TRUE,,90,PCE,,62,1,669.6,,1680,2100
,DK10970,(CT-105A) - Drivaksel venstre,1633427743,TRUE,,90,PCE,,50,1,540,,1320,1650
,DK10972,(CT-124A) - Drivaksel,1633427744,TRUE,,90,PCE,,49,1,529.2,,1280,1600
,DK10976,(CT-227) - Drivaksel h?yre,1633427745,TRUE,,90,PCE,,68,1,734.4,,2208,2760
,DK10979,(CT-119) - Drivaksel,1633427746,TRUE,,90,PCE,,66,1,712.8,,1720,2150
,DK10985,(CT-123) - Drivaksel venstre,1633427747,TRUE,,90,PCE,,65,1,702,,1584,1980
,DK10987,(CT-218A) - Drivaksel h?yre,1633427748,TRUE,,90,PCE,,72,1,777.6,,1840,2300
,DK10988,(CT-122) - Drivaksel venstre,1633427749,TRUE,,90,PCE,,43,1,464.4,,1272,1590
,DK10989,(CT-127) - Drivaksel,1633427750,TRUE,,90,PCE,,58,1,626.4,,2079.2,2599
,DK10990,(CT-118A) - Drivaksel venstre,1633427751,TRUE,,90,PCE,,78,1,842.4,,1720,2150
,DK10991,(CT-160) - Drivaksel venstre,1633427752,TRUE,,90,PCE,,71,1,766.8,,2080,2600
,DK10992,(CT-226) - Drivaksel h?yre,1633427753,TRUE,,90,PCE,,55,1,594,,1800,2250
,DK10999,(CT-117A) - Drivaksel venstre,1633427754,TRUE,,90,PCE,,42,1,453.6,,1320,1650
,DK11001,CT-409 -(C273L)- Drivaksel,1633427755,TRUE,,90,PCE,,55,1,594,,2384,2980
,DK11002,(CT-211A) - Drivaksel h?yre,1633427756,TRUE,,90,PCE,,60,1,648,,1200,1500
,DK11003,(BM-124A)  _drivaksel bak venstre,1633427757,TRUE,,90,PCE,21440000,89,1,961.2,,2144,2680
,DK11004,(BM-121) - Drivaksel,1633427758,TRUE,,90,PCE,,100,1,1080,,2632,3290
,DK11005,BM-2260 - (BM260R)- Drivaksel,1633427759,TRUE,,90,PCE,,129,1,1393.2,,2640,3300
,DK11007,BM-1206 (BM260L)- Drivaksel,1633427760,TRUE,,90,PCE,,129,1,1393.2,,2560,3200
,DK11010,(BM-306) - Drivaksel,1633427761,TRUE,,90,PCE,,61,1,658.8,,2152,2690
,DK11011,(BM-211) - Drivaksel venstre,1633427762,TRUE,,90,PCE,,100,1,1080,,1888,2360
,DK12001,(BM-210A) - Drivaksel h?yre,1633427763,TRUE,,90,PCE,,58,1,626.4,,2000,2500
,DR10013,(BM-350) - Drivaksel,1633427764,TRUE,,90,PCE,,69,1,745.2,,1320,1650
,DR10026,BM-1222 (BM222L),1633427765,TRUE,,90,PCE,,114,1,1231.2,,2224,2780
,DR10027,(BM-207A) - Drivaksel h?yre,1633427766,TRUE,,90,PCE,,93,1,1004.4,,1768,2210
,DR10046,(BM-397) - Drivaksel,1633427767,TRUE,,90,PCE,,45,1,486,,1840,2300
,DR10050,(RN-208) Drivaksel h?yre,1633427768,TRUE,,90,PCE,19920000,60,1,648,,1992,2490
,DR10055,(RN-141) - Drivaksel,1633427769,TRUE,,90,PCE,,69,1,745.2,,1912,2390
,DR10073,(RN-241) - Drivaksel,1633427770,TRUE,,90,PCE,,62,1,669.6,,2520,3150
,DR10077,(RN-122) - Drivaksel,1633427771,TRUE,,90,PCE,,46,1,496.8,,1840,2300
,DR10078,(RN-204A1) - Drivaksel,1633427772,TRUE,,90,PCE,,45,1,486,,1160,1450
,DR10092,(RN-212A) - Drivaksel,1633427773,TRUE,,90,PCE,,50,1,540,,1480,1850
,DR10099,(RN-124) - Drivaksel venstre,1633427774,TRUE,,90,PCE,,60,1,648,,1592,1990
,DR10100,(RN-133) - Drivaksel venstre,1633427775,TRUE,,90,PCE,,62,1,669.6,,1512,1890
,DR10108,(RN-238) - Drivaksel h?yre,1633427776,TRUE,,90,PCE,,68,1,734.4,,1800,2250
,DR10116,(RN-104A) - Drivaksel venstre,1633427777,TRUE,,90,PCE,,37,1,399.6,,960,1200
,DR10134,(RN-240) - Drivaksel h?yre,1633427778,TRUE,,90,PCE,,65,1,702,,2232,2790
,DR10140,(RN-140) - Drivaksel venstre,1633427779,TRUE,,90,PCE,,58,1,626.4,,1984,2480
,DR10143,RN-DR1-16110 - Drivaksel,1633427780,TRUE,,90,PCE,,40,1,432,,1432,1790
,DR10146,(FD-273A ) - Drivaksel h?yre,1633427781,TRUE,,90,PCE,26000000,71,1,766.8,,2600,3250
,DR10168,(NI-199) Drivaksel venstre,1633427782,TRUE,,90,PCE,23992000,78,1,842.4,,2399.2,2999
,DR10190,(BM-219) - Drivaksel h?yre,1633427783,TRUE,,90,PCE,,91,1,982.8,,3040,3800
,DR10192,BM-M3246 - Drivaksel,1633427784,TRUE,,90,PCE,,120,1,1296,,2976,3720
,DR10196,MB-416 - Drivaksel,1633427785,TRUE,,90,PCE,,60,1,648,,,
,DR10198,(PG-223) - Drivaksel h?yre,1633427786,TRUE,,90,PCE,,60,1,648,,1512,1890
,DR10202,(TO-321) - Drivaksel,1633427787,TRUE,,90,PCE,,87,1,939.6,,2840,3550
,DR10203,(FD-264) - Drivaksel h?yre,1633427788,TRUE,,90,PCE,,70,1,756,,1240,1550
,DR10220,(AD-328) - Drivaksel,1633427789,TRUE,,90,PCE,,85,1,918,,2992,3740
,DR10227,AD-315 Drivaksel,1633427790,TRUE,,90,PCE,,50,1,540,,,
,DR10246,Drivaksel,1633427791,TRUE,,90,PCE,,70,1,756,,,
,DR10255,Drivaksel,1633427792,TRUE,,90,PCE,,70,1,756,,,
,DR10256,BM-110A - Drivaksel,1633427793,TRUE,,90,PCE,,66,1,712.8,,2000,2500
,DR10260,"(1612-221) -(MB-ST-105) Stikkaksel, indre drivaksel",1633427794,TRUE,,90,PCE,19120000,72,1,777.6,,1912,2390
,DR10266,(CT-206A1) - Drivaksel h?yre,1633427795,TRUE,,90,PCE,,52,1,561.6,,1199.2,1499
,DR10268,KD-AD-003 -(AUDI/7A),1633427796,TRUE,,90,PCE,,319,1,3445.2,,7560,9450
,DR10271,KD-D28147,1633427797,TRUE,,90,PCE,,279,1,3013.2,,10000,12500
,DR10278,KD-W1705406,1633427798,TRUE,,90,PCE,,416,1,4492.8,,8720,10900
,DR10280,KD-PSMB03-06 -(HCMV221P)-,1633427799,TRUE,,90,PCE,,301,1,3250.8,,6000,7500
,DR10293,W9069906,1633427800,TRUE,,90,PCE,,425,1,4590,,7840,9800
,DR10306,KA-AD-0550 - saknar p? hemsida,1633427801,TRUE,,90,PCE,,319,1,3445.2,,,
,DR10311,37140-3507,1633427802,TRUE,,90,PCE,,219,1,2365.2,,,
,DR10317,KD-NI-00545-06,1633427803,TRUE,,90,PCE,,243,1,2624.4,,6272,7840
,DR10319,KD-NS81012,1633427804,TRUE,,90,PCE,,43,1,464.4,,2240,2800
,DR10322,NS81010,1633427805,TRUE,,90,PCE,,43,1,464.4,,2240,2800
,DR10326,PSMB09,1633427806,TRUE,,90,PCE,,301,1,3250.8,,6000,7500
,DR10331,KD-TO-2525,1633427807,TRUE,,90,PCE,,215,1,2322,,,
,DR10346,KD-PSMB018-06,1633427808,TRUE,,90,PCE,,301,1,3250.8,,7120,8900
,DR10347,KD-MB-7375,1633427809,TRUE,,90,PCE,,195,1,2106,,4880,6100
,DR10353,KD-NI-00545 (NISSAN-AS/10),1633427810,TRUE,,90,PCE,,421,1,4546.8,,7840,9800
,DR10359,KD-315155-org W9065606,1633427811,TRUE,,90,PCE,,445,1,4806,,9440,11800
,DR10361,W9061416,1633427812,TRUE,,90,PCE,,425,1,4590,,10000,12500
,DR10366,MB-AMS/3,1633427813,TRUE,,90,PCE,,340,1,3672,,7120,8900
,DR10370,KD-G21801-org,1633427814,TRUE,,90,PCE,,525,1,5670,,9200,11500
,DR10371,KD-PSHY01,1633427815,TRUE,,90,PCE,,227,1,2451.6,,5200,6500
,DR10374,KD-NI-8068  -(NISSAN-AS/1A)-,1633427816,TRUE,,90,PCE,,325,1,3510,,6240,7800
,DR10376,SPRINTER-2P/8,1633427817,TRUE,,90,PCE,,429,1,4633.2,,10000,12500
,DR10378,G21804,1633427818,TRUE,,90,PCE,,425,1,4590,,,
,DR10389,(OJ-VO-5875) Drivledd,1633427819,TRUE,,90,PCE,15840000,62,0,669.6,,1584,1980
,DR10402,0482-V75R - MR418068 Lager,1633427820,TRUE,,90,PCE,8800000,34,0,367.2,,,
,DR10403,(CB-VW-003-L) Mellomaksel lager,1633427821,TRUE,,90,PCE,13520000,64,1,691.2,,1352,1690
,DR10423,"(ASVL-XC90) - Ledd, Mellomaksel kryss",1633427822,TRUE,,90,PCE,0,32,1,345.6,,1104,1380
,DR10427,"(1410-REXIIPTA40) - Ytre drivknute, drivledd, leddsett, hjulside, fra",1633427823,TRUE,,90,PCE,0,53,2,572.4,,1512,1890
,DR10429,"Reparationssats, bromsok bak",1633427824,TRUE,,90,PCE,0,0,0,0,,,
,DR10432,(CB-MB-211)- (BZCB-211) Mellomaksel lager,1633427825,TRUE,,90,PCE,7992000,21,1,226.8,,799.2,999
,DR10434,(CB-VW-350) - Mellomaksel lager,1633427826,TRUE,,90,PCE,13520000,20,4,216,,1432,1790
,DR10451,(KD-PSMB13) - Mellomaksel,1633427827,TRUE,,90,PCE,52000000,301,0,3250.8,,6800,8500
,DR10452,"(BM-202) - Drivaksel, BMW Framaksel, h?yre",1633427828,TRUE,,90,PCE,0,59,0,637.2,,1960,2450
,DR10453,(MK-IV-002) - Mellomaksel kryss,1633427829,TRUE,,90,PCE,6400000,21,3,226.8,,896,1120
,DR10454,"Fett, grease, Drivknute, Drivledd, Universal",1633427830,TRUE,,90,PCE,232000,0,0,0,,23.2,29
,DR10456,(OJ-RN-1984) - Drivledd,1633427831,TRUE,,90,PCE,9600000,33,1,356.4,,960,1200
,DR10457,(OJ-TO-0244) - Drivledd,1633427832,TRUE,,90,PCE,7640000,19,3,205.2,,764,955
,DR10458,(CBMB01 ) - Mellomaksel lager,1633427833,TRUE,,90,PCE,6320000,9,4,97.2,,632,790
,DR10460,"(BKUV03) - Drivakselmansjett, drivleddmansjett,",1633427834,TRUE,,90,PCE,1040000,3,70,32.4,,104,130
,DR10463,(KD-PSMB014) - Mellomaksel,1633427835,TRUE,,90,PCE,48000000,302,0,3261.6,,8319.2,10399
,DR10464,(CB-TO-004) - Mellomaksel lager,1633427836,TRUE,,90,PCE,9520000,13,7,140.4,,952,1190
,DR10466,(VO-236XP) Drivaksel h?yre,1633427837,TRUE,,90,PCE,27920000,169,0,1825.2,,2792,3490
,DR10467,(CB-IV-565) -(BMCB91) Mellomaksel lager,1633427838,TRUE,,90,PCE,11600000,0,0,0,,1160,1450
,DR10468,"(EDBKS01) - Mansjett, drivakselmansjett med 10 ?rs garanti",1633427839,TRUE,,90,PCE,2000000,6,0,64.8,,200,250
,DR10469,(OJ-VA-1986) Drivledd,1633427840,TRUE,,90,PCE,8640000,25,1,270,,864,1080
,DR10471,(OJ-CT-1427) - Drivledd,1633427841,TRUE,,90,PCE,7544000,16,2,172.8,,754.4,943
,DR10472,"(MK-RN-40120) - Mellomakselkryss, kryss, ledd, til mellomaksel Re",1633427842,TRUE,,90,PCE,5328000,6,5,64.8,,532.8,666
,DR10474,(CBAD01) - Mellomaksel lager,1633427843,TRUE,,90,PCE,15360000,44,0,475.2,,1536,1920
,DR10475,Frakt,1633427844,TRUE,,90,PCE,0,0,0,0,,,
,DR10475,(MK-MB-0906) - Mellomakselkryss ASBZ-906,1633427845,TRUE,,90,PCE,6304000,8,3,86.4,,630.4,788
,DR10476,"(MK-MB-4600) -  Ledd, Mellomaksel kryss",1633427846,TRUE,,90,PCE,9752000,32,0,345.6,,975.2,1219
,DR10477,Returpakke,1633427847,TRUE,,90,PCE,1880000,0,0,0,,,
,DR10478,(BM-221) - Drivaksel h?yre,1633427848,TRUE,,90,PCE,27920000,100,0,1080,,2792,3490
,DR10479,(TCB-003) - (CB-TO-02) - Mellomaksel lager,1633427849,TRUE,,90,PCE,8960000,8,3,86.4,,896,1120
,DR10480,Drivlinje vinst,1633427850,TRUE,,90,PCE,0,0,0,0,,,
,DR10481,(Vw-250) - Drivaksel h?yre,1633427851,TRUE,,90,PCE,17200000,49,0,529.2,,1720,2150
,DR10482,TESTPRODUKT anto,1633427852,TRUE,,90,PCE,1800000,0,0,0,,,
,DR10484,(KCB-SOR) - (CB-HY-6000 ) - Mellomaksellager,1633427853,TRUE,,90,PCE,10320000,26,2,280.8,,1032,1290
,DR10487,(BM-502A)- Drivaksel bak h?yre,1633427854,TRUE,,90,PCE,22880000,78,0,842.4,,2288,2860
,DR10489,"(MK-IV-002) - Ledd, Mellomaksel",1633427855,TRUE,,90,PCE,8960000,0,0,0,,896,1120
,DR10491,"(MANBKU) - Drivakselmansjett, drivleddmansjett, drivknutemans",1633427856,TRUE,,90,PCE,7992000,0,0,0,,799.2,999
,DR10493,(HYCB-001) - (CB-HY-02) - Mellomaksel lager,1633427857,TRUE,,90,PCE,7992000,10,6,108,,799.2,999
,DR10498,"(S02) - Indre drivledd Drivaksling, drivaksel stikkaksel ",1633427858,TRUE,,90,PCE,0,24,2,259.2,,680,850
,DR10499,"(BM-105) - Drivaksel, Bmw, Framaksel venstre ",1633427859,TRUE,,90,PCE,0,62,0,669.6,,1440,1800
,DR10500,(OJ-VO-1671) - Drivknute,1633427860,TRUE,,90,PCE,7192000,24,5,259.2,,719.2,899
,DR10501,"(MANEDS) -Drivakselmansjett, mansjett, belg, drivknutemansj",1633427861,TRUE,,90,PCE,15200000,0,0,0,,1520,1900
,DR10502,(HO-241A) - Drivaksel h?yre,1633427862,TRUE,,90,PCE,22400000,63,0,680.4,,2240,2800
,DR10505,"(BM300) -(MK-NI-300) - Ledd, Mellomaksel kryss",1633427863,TRUE,,90,PCE,5440000,6,3,64.8,,544,680
,DR10507,(OJ-BM-1953) Ledd,1633427864,TRUE,,90,PCE,8960000,25,2,270,,896,1120
,DR10508,(VO-232) - Drivaksel h?yre,1633427865,TRUE,,90,PCE,28000000,125,0,1350,,2800,3500
,DR10510,(TO-247A) - Drivaksel h?yre,1633427866,TRUE,,90,PCE,23120000,75,0,810,,2312,2890
,DR10517,"(MK-TO-2323) Ledd, Mellomaksel kryss",1633427867,TRUE,,90,PCE,4712000,4,2,43.2,,471.2,589
,DR10520,"ABS-givare fram, v?nster",1633427868,TRUE,,90,PCE,0,0,0,0,,,
,DR10521,(ASN-R51F) - (MK-NI-5151) mellomaksel kryss,1633427869,TRUE,,90,PCE,5520000,6,4,64.8,,552,690
,DR10524,(CT-219) - Drivaksel h?yre,1633427870,TRUE,,90,PCE,20960000,63,0,680.4,,2096,2620
,DR10529,"(OJ-VA-1450) -Ytre drivknute, drivledd, leddsett, hjulside",1633427871,TRUE,,90,PCE,5064000,18,3,194.4,,506.4,633
,DR10532,"Tillbeh?rssats, bromsbackar ",1633427872,TRUE,,90,PCE,0,0,0,0,,,
,DR10533,(Vo-120A) Drivaksel venstre,1633427873,TRUE,,90,PCE,20480000,104,0,1123.2,,2048,2560
,DR10534,(OJ-BM-1958) - Drivledd,1633427874,TRUE,,90,PCE,23920000,43,1,464.4,,2392,2990
,DR10537,Fakturagebyr,1633427875,TRUE,,50,PCE,392000,0,0,0,,,
,DR10540,(BM-299A) Drivaksel h?yre,1633427876,TRUE,,90,PCE,26320000,112,0,1209.6,,2632,3290
,DR10543,"(0410-CU20RA43) Ytre drivknute, drivledd, leddsett",1633427877,TRUE,,90,PCE,11192000,26,1,280.8,,1119.2,1399
,DR10546,(VW-323A) Drivaksel,1633427878,TRUE,,90,PCE,23920000,60,0,648,,2392,2990
,DR10553,(FD-187) - Drivaksel venstre,1633427879,TRUE,,90,PCE,22400000,71,0,766.8,,2240,2800
,DR10555,(CB-IV-003) - Mellomaksel lager,1633427880,TRUE,,90,PCE,11120000,29,4,313.2,,1112,1390
,DR10556,"(TCB-ACA30) - (CB-TO-11112) - Mellomaksel lager, ",1633427881,TRUE,,90,PCE,12400000,29,0,313.2,,1240,1550
,DR10557,(CB-VW-003-H)- Mellomaksellager,1633427882,TRUE,,90,PCE,13520000,64,4,691.2,,1352,1690
,DR10559,(NI-299) -Drivaksel framaksel h?yre,1633427883,TRUE,,90,PCE,23992000,87,0,939.6,,2399.2,2999
,DR10560,MOduler data till nettsiden,1633427884,TRUE,,60,PCE,129100000,0,0,0,,,
,DR10561,Bedriftspakke,1633427885,TRUE,,90,PCE,1880000,0,0,0,,,
,DR10562,"Klemmer til drivakselmansjett, mansjett, drivknut",1633427886,TRUE,,90,PCE,312000,0,0,0,,31.2,39
,DR10563,(OJ-TO-0269 ) - Drivledd,1633427887,TRUE,,90,PCE,7200000,24,1,259.2,,720,900
,DR10566,(ASBZ-209) - (MK-MB-0011) Mellomakselkryss,1633427888,TRUE,,90,PCE,9440000,19,5,205.2,,944,1180
,DR10568,P? D?ren Pakke,1633427889,TRUE,,90,PCE,1720000,0,0,0,,,
,DR10570,(CONE) - Enkel montering uten demontering av drivknuten,1633427890,TRUE,,90,PCE,1200000,2,13,21.6,,120,150
,DR10572,(AD-313A (AD-303A AD-288A9) - Drivaksel foran,1633427891,TRUE,,90,PCE,19200000,50,0,540,,1920,2400
,DR10574,(CJMB02) - Mellomaksel kryss,1633427892,TRUE,,90,PCE,5200000,7,0,75.6,,520,650
,DR10580,(CBMB11) - Mellomaksel lager,1633427893,TRUE,,90,PCE,11192000,39,2,421.2,,1119.2,1399
,DR10581,(VW-205A) - Drivaksel h?yre,1633427894,TRUE,,90,PCE,17504000,50,0,540,,1750.4,2188
,DR10582,(S01) - Stikkaksel,1633427895,TRUE,,90,PCE,6800000,39,0,421.2,,680,850
,DR10583,"(VO-111A) -Drivaksel, Volvo framaksel venstre",1633427896,TRUE,,90,PCE,19200000,56,0,604.8,,1920,2400
,DR10591,(OJ-RV-1608) - Drivledd,1633427897,TRUE,,90,PCE,12400000,31,1,334.8,,1240,1550
,DR10593,"(HY-292A)  - Drivaksel, framaksel h?yre",1633427898,TRUE,,90,PCE,23920000,107,0,1155.6,,2392,2990
,DR10594,(OJ-VA-1451) - Drivknute,1633427899,TRUE,,90,PCE,6872000,15,6,162,,687.2,859
,DR10598,"(BM-199A) - Drivaksel, Bmw, framaksel venstre",1633427900,TRUE,,90,PCE,0,112,0,1209.6,,2480,3100
,DR10599,(OJ-VA-1996) - Drivledd,1633427901,TRUE,,90,PCE,11600000,30,7,324,,1160,1450
,DR10603,"(BM-505) - Drivaksel Bmw, Framaksel h?yre",1633427902,TRUE,,90,PCE,0,77,0,831.6,,3992,4990
,DR10605,(OJ-VA-1792)- Drivledd,1633427903,TRUE,,90,PCE,5400000,15,4,162,,540,675
,DR10612,Stikkaksel,1633427904,TRUE,,90,PCE,23920000,0,0,0,,,
,DR10615,(BM547) - (MK-OP-2030) - Mellomaksel kryss,1633427905,TRUE,,90,PCE,10000000,0,0,0,,1000,1250
,DR10621,(0110-MCU10A48R) - (OJ-TO-7887) - Drivledd,1633427906,TRUE,,90,PCE,15840000,29,1,313.2,,1584,1980
,DR10628,"(ASH-52) - (MK-HO-5252) - Ledd, Mellomaksel kryss",1633427907,TRUE,,90,PCE,5888000,8,5,86.4,,588.8,736
,DR10633,Mellomaksel org Renu,1633427908,TRUE,,90,PCE,60000000,0,0,0,,,
,DR10636,(OJ-FD-1620) - Drivledd,1633427909,TRUE,,90,PCE,6000000,21,0,226.8,,,
,DR10637,(MI-242A)- Drivaksel h?yre,1633427910,TRUE,,90,PCE,26400000,77,0,831.6,,2640,3300
,DR10640,Ekspedisjonsavgift,1633427911,TRUE,,20,PCE,0,0,0,0,,,
,DR10641,(MB-AMS/3) - (KD-315185-06) - Mellomaksel,1633427912,TRUE,,90,PCE,71200000,340,0,3672,,7120,8900
,DR10649,(0410-CWRR) - (OJ-CT-1155) Drivknute,1633427913,TRUE,,90,PCE,12720000,38,2,410.4,,1272,1590
,DR10691,(VW-105A) - Drivaksel venstre,1633427914,TRUE,,90,PCE,14304000,50,0,540,,1430.4,1788
,DR10694,"(2110-FOCII20) - Ytre drivknute, drivledd, leddsett, hjulside",1633427915,TRUE,,90,PCE,9520000,16,1,172.8,,952,1190
,DR10696,(MB-602) - Drivaksel MB,1633427916,TRUE,,90,PCE,22400000,81,0,874.8,,2240,2800
,DR10698,(BZCB-209) -(CB-MB-196) - Mellomaksel lager,1633427917,TRUE,,90,PCE,12400000,29,0,313.2,,1240,1550
,DR10700,"(OJ-VA-1681) -Ytre drivknute, drivledd, leddsett, hjulside",1633427918,TRUE,,90,PCE,9824000,21,1,226.8,,982.4,1228
,DR10702,Servicepakke,1633427919,TRUE,,90,PCE,1352000,0,0,0,,,
,DR10703,"(HCB-001) -Mellomaksel lager, st?ttelager, opphengslager",1633427920,TRUE,,90,PCE,8792000,12,5,129.6,,879.2,1099
,DR10708,(VW-203) Drivaksel h?yre,1633427921,TRUE,,90,PCE,13520000,49,0,529.2,,,
,DR10712,(EDI6051) Indre drivledd,1633427922,TRUE,,90,PCE,7920000,23,5,248.4,,792,990
,DR10717,(BM-404) - Drivaksel venstre foran,1633427923,TRUE,,90,PCE,38320000,75,0,810,,3832,4790
,DR10736,(OJ-HY-0686) - Drivknute,1633427924,TRUE,,90,PCE,11840000,29,4,313.2,,1184,1480
,DR10746,(OJ-HY-0653) - Drivledd,1633427925,TRUE,,90,PCE,6648000,16,0,172.8,,664.8,831
,DR10749,"(ASN-A60R) - Ledd, Mellomaksel kryss",1633427926,TRUE,,90,PCE,4800000,6,0,64.8,,480,600
,DR10752,"(ASM-93) - (MK-MI-101) - Ledd, Mellomaksel kryss",1633427927,TRUE,,90,PCE,5592000,4,5,43.2,,559.2,699
,DR10753,(VO-702) - Drivaksel Volvo framaksel venstre,1633427928,TRUE,,90,PCE,2,73,0,788.4,,2600,3250
,DR10754,(LRCB-FLI) - (CB-LR-001) Mellomaksel lager,1633427929,TRUE,,90,PCE,11192000,13,2,140.4,,1119.2,1399
,DR10773,(1610-164R) - (OJ-MB-2000) Drivledd yttre bak,1633427930,TRUE,,90,PCE,23920000,77,1,831.6,,2392,2990
,DR10783,frakt fra utlandet,1633427931,TRUE,,90,PCE,12000000,0,0,0,,,
,DR10785,"Bromssk?ld bak, h?ger",1633427932,TRUE,,90,PCE,0,0,0,0,,,
,DR10803,(OJ-HO-0863)- Ytre drivledd foran,1633427933,TRUE,,90,PCE,8000000,26,0,280.8,,800,1000
,DR10804,"( FD-270 )-Drivaksel, Volvo, Ford, Framaksel h?yre",1633427934,TRUE,,90,PCE,19528000,58,0,626.4,,1952.8,2441
,DR10805,(OJ-VA-1694) - Drivledd,1633427935,TRUE,,90,PCE,5200000,19,5,205.2,,520,650
,DR10807,(ASM-H77R) -(MK-MI-2577)- Mellomaksel ledd,1633427936,TRUE,,90,PCE,5520000,3,4,32.4,,552,690
,DR10808,"MPM, Bensin System Cleaner, rengj?ring av hele dr",1633427937,TRUE,,90,PCE,1192000,0,0,0,,119.2,149
,DR10810,(AAAAA) - Drivaksel framaksel venstre,1633427938,TRUE,,90,PCE,19200000,0,0,0,,,
,DR10811,DR11197,1633427939,TRUE,,90,PCE,26392000,0,0,0,,,
,DR10812,(HYCB-SAN) - (CB-HY-3000) - Mellomaksel lager,1633427940,TRUE,,90,PCE,8960000,21,2,226.8,,896,1120
,DR10816,(VO-243) Drivaksel h?yre,1633427941,TRUE,,90,PCE,25000000,100,0,1080,,2500,3125
,DR10818,(BMCB189)- (CB-LR-003) Mellomaksel lager,1633427942,TRUE,,90,PCE,7992000,32,2,345.6,,799.2,999
,DR10820,(HONDA-5A)- (KD-PS-HO-03) - Mellomaksel,1633427943,TRUE,,90,PCE,68000000,265,0,2862,,6800,8500
,DR10821,(KD-PSMB05-06) Mellomaksel,1633427944,TRUE,,90,PCE,60000000,302,0,3261.6,,6000,7500
,DR10822,"(1210-MATA44) -Ytre drivknute, drivledd, leddsett, hjulside",1633427945,TRUE,,90,PCE,0,17,4,183.6,,768,960
,DR10823,postoppkrav,1633427946,TRUE,,90,PCE,392000,0,0,0,,,
,DR10824,(HYCB-TUC) -(CB-HY-123),1633427947,TRUE,,90,PCE,9280000,16,3,172.8,,928,1160
,DR10825,(OJ-TO-0219) - Drivledd,1633427948,TRUE,,90,PCE,10800000,28,2,302.4,,1080,1350
,DR10826,OJ-CT-1314 - Drivledd,1633427949,TRUE,,90,PCE,,16,2,172.8,,360,450
,DR10827,OJ-CT-1370 - Drivledd,1633427950,TRUE,,90,PCE,,16,3,172.8,,680,850
,DR10828,OJ-CT-1457 - Drivledd,1633427951,TRUE,,90,PCE,,19,6,205.2,,603.2,754
,DR10830,OJ-CT-1458 - Drivledd,1633427952,TRUE,,90,PCE,,22,2,237.6,,906.4,1133
,DR10831,OJ-CT-1470 - Drivledd,1633427953,TRUE,,90,PCE,,17,2,183.6,,594.4,743
,DR10832,OJ-CT-1780 - Drivledd,1633427954,TRUE,,90,PCE,,19,4,205.2,,592,740
,DR10833,OJ-CT-1764- Drivledd,1633427955,TRUE,,90,PCE,,25,2,270,,952,1190
,DR10834,OJ-CT-1948 - Drivledd,1633427956,TRUE,,90,PCE,,31,4,334.8,,799.2,999
,DR10837,OJ-CT-1431 - Drivledd,1633427957,TRUE,,90,PCE,,19,1,205.2,,520,650
,DR10838,OJ-CT-8877 (2510-3084B)- Drivledd,1633427958,TRUE,,90,PCE,,28,3,302.4,,1104,1380
,DR10839,OJ-CT-1958 - Drivledd,1633427959,TRUE,,90,PCE,,24,1,259.2,,543.2,679
,DR10840,OJ-BM-1954- Drivledd,1633427960,TRUE,,90,PCE,,33,2,356.4,,1119.2,1399
,DR10842,OJ-CT-1756 - Drivledd,1633427961,TRUE,,90,PCE,,21,2,226.8,,712,890
,DR10848,OJ-CT-1477- Drivledd,1633427962,TRUE,,90,PCE,,21,1,226.8,,603.2,754
,DR10850,OJ-DA-0568 - Drivledd,1633427963,TRUE,,90,PCE,,24,2,259.2,,960,1200
,DR10855,OJ-FD-1367 - Drivledd,1633427964,TRUE,,90,PCE,,28,7,302.4,,1057.6,1322
,DR10857,OJ-FD-1389 - Drivledd,1633427965,TRUE,,90,PCE,,17,1,183.6,,656.8,821
,DR10858,OJ-FD-1495 - Drivledd,1633427966,TRUE,,90,PCE,,19,2,205.2,,512,640
,DR10859,OJ-FD-1622 - Drivledd,1633427967,TRUE,,90,PCE,,19,1,205.2,,674.4,843
,DR10861,OJ-FD-1496 - Drivledd,1633427968,TRUE,,90,PCE,,19,2,205.2,,754.4,943
,DR10863,OJ-FD-1962 - Drivledd,1633427969,TRUE,,90,PCE,,37,2,399.6,,1000,1250
,DR10868,OJ-FD-1668 - Drivledd,1633427970,TRUE,,90,PCE,,22,2,237.6,,760,950
,DR10869,OJ-FD-1669 - Drivledd,1633427971,TRUE,,90,PCE,,18,2,194.4,,568.8,711
,DR10870,OJ-FD-1714 - Drivledd,1633427972,TRUE,,90,PCE,,21,4,226.8,,760,950
,DR10871,OJ-FD-1371- Drivledd,1633427973,TRUE,,90,PCE,,28,2,302.4,,1280,1600
,DR10873,OJ-FD-1467- Drivledd,1633427974,TRUE,,90,PCE,,22,3,237.6,,800,1000
,DR10874,OJ-FD-1443 - Drivledd,1633427975,TRUE,,90,PCE,,22,1,237.6,,759.2,949
,DR10875,OJ-FD-1963- Drivledd,1633427976,TRUE,,90,PCE,,36,2,388.8,,1032,1290
,DR10877,OJ-NI-0139 - Drivledd,1633427977,TRUE,,90,PCE,,18,4,194.4,,600,750
,DR10878,OJ-FD-1733 - Drivledd,1633427978,TRUE,,90,PCE,,19,1,205.2,,792,990
,DR10881,OJ-HO-0810 - Drivledd,1633427979,TRUE,,90,PCE,,16,1,172.8,,548,685
,DR10883,OJ-HO-0817 - Drivledd,1633427980,TRUE,,90,PCE,,21,1,226.8,,704,880
,DR10886,OJ-HO-0830 - Drivledd,1633427981,TRUE,,90,PCE,,19,1,205.2,,600,750
,DR10887,OJ-HO-0841 - Drivledd,1633427982,TRUE,,90,PCE,,21,1,226.8,,680,850
,DR10888,OJ-HO-0855 - Drivledd,1633427983,TRUE,,90,PCE,,23,3,248.4,,936,1170
,DR10896,OJ-HO-0860 - Drivledd,1633427984,TRUE,,90,PCE,,22,3,237.6,,660,825
,DR10897,OJ-HO-0869 - Drivledd,1633427985,TRUE,,90,PCE,,21,1,226.8,,944,1180
,DR10898,OJ-OP-1390 - Drivledd,1633427986,TRUE,,90,PCE,,20,12,216,,760,950
,DR10899,OJ-OP-1437 - Drivledd,1633427987,TRUE,,90,PCE,,16,4,172.8,,520,650
,DR10902,OJ-OP-1335 - Drivledd,1633427988,TRUE,,90,PCE,,16,1,172.8,,559.2,699
,DR10903,OJ-CT-1758 - Drivledd,1633427989,TRUE,,90,PCE,,19,2,205.2,,532.8,666
,DR10904,OJ-KA-0432 - Drivledd,1633427990,TRUE,,90,PCE,,26,1,280.8,,1000,1250
,DR10906,OJ-KA-0433 - Drivledd,1633427991,TRUE,,90,PCE,,28,1,302.4,,1000,1250
,DR10908,OJ-KA-0435 - Drivledd,1633427992,TRUE,,90,PCE,,22,1,237.6,,720,900
,DR10912,OJ-KA-0441 - Drivledd,1633427993,TRUE,,90,PCE,,23,2,248.4,,814.4,1018
,DR10913,OJ-KA-0448 - Drivledd,1633427994,TRUE,,90,PCE,,24,4,259.2,,631.2,789
,DR10920,OJ-KA-0676 - Drivledd,1633427995,TRUE,,90,PCE,,28,2,302.4,,1279.2,1599
,DR10925,OJ-KA-0510 -  (0510-038A44) - Drivledd,1633427996,TRUE,,90,PCE,,18,1,194.4,,912,1140
,DR10926,OJ-KA-2010 -(2210-NSPRA48)- Drivledd,1633427997,TRUE,,90,PCE,,40,1,432,,1112,1390
,DR10930,OJ-MZ-1475 - Drivledd,1633427998,TRUE,,90,PCE,,27,1,291.6,,680,850
,DR10932,OJ-MZ-0424 - Drivledd,1633427999,TRUE,,90,PCE,,31,1,334.8,,720,900
,DR10934,OJ-MZ-0429- Drivledd,1633428000,TRUE,,90,PCE,,25,1,270,,916,1145
,DR10936,OJ-MZ-0442- Drivledd,1633428001,TRUE,,90,PCE,,33,1,356.4,,792,990
,DR10937,OJ-MZ-0450- Drivledd,1633428002,TRUE,,90,PCE,,21,3,226.8,,992,1240
,DR10938,OJ-NI-0120- Drivledd,1633428003,TRUE,,90,PCE,,15,2,162,,600,750
,DR10945,OJ-MZ-0443 -(0510-M6A44)- Drivledd,1633428004,TRUE,,90,PCE,,26,2,280.8,,1000,1250
,DR10947,OJ-MZ-0451 -(0510-323BJ)- Drivledd,1633428005,TRUE,,90,PCE,,20,1,216,,632,790
,DR10949,OJ-MZ-0459 - Drivledd,1633428006,TRUE,,90,PCE,,17,1,183.6,,754.4,943
,DR10957,OJ-MZ-0285 -(0510-049)- Drivledd,1633428007,TRUE,,90,PCE,,19,1,205.2,,968,1210
,DR10959,OJ-MZ-0460 -(0510-014A44)- Drivledd,1633428008,TRUE,,90,PCE,,19,1,205.2,,719.2,899
,DR10960,OJ-MZ-9582 -(0510-044A44)- Drivledd,1633428009,TRUE,,90,PCE,,17,4,183.6,,952,1190
,DR10966,OJ-MZ-0481- Drivledd,1633428010,TRUE,,90,PCE,,15,1,162,,479.2,599
,DR10969,OJ-MZ-0490 - Drivledd,1633428011,TRUE,,90,PCE,,19,1,205.2,,457.6,572
,DR10970,OJ-MZ-0498- Drivledd,1633428012,TRUE,,90,PCE,,15,1,162,,479.2,599
,DR10974,Febest-(0210-T31M9) - Drivledd,1633428013,TRUE,,90,PCE,,22,3,237.6,,1344,1680
,DR10975,OJ-MI-3339 (0410-V97WRA50) - Drivledd,1633428014,TRUE,,90,PCE,,96,2,1036.8,,2288,2860
,DR10985,OJ-MZ-0496 - Drivledd,1633428015,TRUE,,90,PCE,,19,1,205.2,,552.8,691
,DR10986,OJ-MZ-0054 -(0510-052) - Drivledd,1633428016,TRUE,,90,PCE,,19,1,205.2,,799.2,999
,DR10988,OJ-MI-0672 - saknar p? hemsidan,1633428017,TRUE,,90,PCE,,39,2,421.2,,,
,DR10991,OJ-NI-0148 - Drivledd,1633428018,TRUE,,90,PCE,,23,2,248.4,,1000,1250
,DR10992,OJ-NI-0152 - Drivledd,1633428019,TRUE,,90,PCE,,18,1,194.4,,600,750
,DR10998,OJ-NI-0169 -(0210-057A44) - Drivledd,1633428020,TRUE,,90,PCE,,18,7,194.4,,600,750
,DR11000,OJ-NI-0179 - Drivledd,1633428021,TRUE,,90,PCE,,23,1,248.4,,600,750
,DR11013,OJ-NI-0181 - Drivledd,1633428022,TRUE,,90,PCE,,17,1,183.6,,600,750
,DR11014,OJ-NI-0189 - Drivledd,1633428023,TRUE,,90,PCE,,17,2,183.6,,600,750
,DR11015,OJ-NI-0192 - Drivledd,1633428024,TRUE,,90,PCE,,18,4,194.4,,600,750
,DR11016,OJ-NI-0195- Drivledd,1633428025,TRUE,,90,PCE,,16,2,172.8,,520,650
,DR11018,OJ-NI-1190 -(0210-FX35) - Drivledd,1633428026,TRUE,,90,PCE,,34,2,367.2,,952,1190
,DR11019,OJ-NI-0136 - Drivledd,1633428027,TRUE,,90,PCE,,26,1,280.8,,600,750
,DR11020,OJ-NI-4828 -(0210-R51R)- Drivledd,1633428028,TRUE,,90,PCE,,50,2,540,,1432,1790
,DR11021,OJ-NI-3198 -(0210-T30RA44)-VARENR,1633428029,TRUE,,90,PCE,,20,1,216,,1056,1320
,DR11027,OJ-NI-0141 - Drivledd,1633428030,TRUE,,90,PCE,,15,1,162,,600,750
,DR11030,OJ-RN-1379 - Drivledd,1633428031,TRUE,,90,PCE,,19,4,205.2,,754.4,943
,DR11031,OJ-RN-1372 - Drivledd,1633428032,TRUE,,90,PCE,,21,2,226.8,,680,850
,DR11032,OJ-RN-1382- Drivledd,1633428033,TRUE,,90,PCE,,17,1,183.6,,760,950
,DR11036,OJ-RN-1915 - Drivledd,1633428034,TRUE,,90,PCE,,22,2,237.6,,680,850
,DR11037,OJ-RN-1919 - Drivledd,1633428035,TRUE,,90,PCE,,37,2,399.6,,1140,1425
,DR11043,OJ-RN-1426 - Drivledd,1633428036,TRUE,,90,PCE,,15,1,162,,763.2,954
,DR11045,OJ-RN-1904 - Drivledd,1633428037,TRUE,,90,PCE,,23,2,248.4,,952,1190
,DR11050,OJ-SZ-0727 - Drivledd,1633428038,TRUE,,90,PCE,,19,3,205.2,,600,750
,DR11052,OJ-SZ-0733 - Drivledd,1633428039,TRUE,,90,PCE,,20,2,216,,1056,1320
,DR11053,OJ-SY-1414 -(1410-RODA52)- Drivledd,1633428040,TRUE,,90,PCE,,41,3,442.8,,1344,1680
,DR11054,OJ-RN-1462- Drivledd,1633428041,TRUE,,90,PCE,,19,4,205.2,,600,750
,DR11056,OJ-RN-1976 - Drivledd,1633428042,TRUE,,90,PCE,,29,5,313.2,,956,1195
,DR11058,OJ-RN-1429 - Drivledd,1633428043,TRUE,,90,PCE,,19,1,205.2,,603.2,754
,DR11059,OJ-SY-0060 -(1410-NACTRA48)- Drivledd,1633428044,TRUE,,90,PCE,,17,1,183.6,,1112,1390
,DR11060,OJ-SY-1144 -(1410-KORA48)- Drivledd,1633428045,TRUE,,90,PCE,,58,2,626.4,,1472,1840
,DR11064,OJ-SZ-0711 -(0710-SY415A42)- Drivledd,1633428046,TRUE,,90,PCE,,15,2,162,,896,1120
,DR11065,OJ-SZ-0735 - Drivledd,1633428047,TRUE,,90,PCE,,21,2,226.8,,1000,1250
,DR11067,OJ-SY-0099 -(1410-NAA48)- Drivledd,1633428048,TRUE,,90,PCE,,49,1,529.2,,1408,1760
,DR11072,OJ-SZ-0713 (OJ-SZ-0716) - Drivledd,1633428049,TRUE,,90,PCE,,19,1,205.2,,559.2,699
,DR11074,OJ-SY-1041 (1410-REXII) - Drivledd,1633428050,TRUE,,90,PCE,,27,2,291.6,,1112,1390
,DR11079,OJ-SZ-0719 -- (0710-034) -- Drivledd,1633428051,TRUE,,90,PCE,,24,6,259.2,,912,1140
,DR11086,OJ-SZ-0728 - Drivledd,1633428052,TRUE,,90,PCE,,20,2,216,,1320,1650
,DR11088,OJ-SY-1451 -(1410-REXI)- Drivledd,1633428053,TRUE,,90,PCE,,23,1,248.4,,1084.8,1356
,DR11093,OJ-SY-1410 (1410-REXIIAWD) - Drivledd,1633428054,TRUE,,90,PCE,,16,1,172.8,,1192,1490
,DR11101,OJ-SB-0971 - Drivledd,1633428055,TRUE,,90,PCE,,20,1,216,,1360,1700
,DR11102,OJ-SB-0951 - Drivledd,1633428056,TRUE,,90,PCE,,21,1,226.8,,760,950
,DR11110,OJ-SB-0954 - Drivledd,1633428057,TRUE,,90,PCE,,20,4,216,,759.2,949
,DR11111,OJ-SB-0955 -(0810-008 )- Drivledd,1633428058,TRUE,,90,PCE,,20,2,216,,759.2,949
,DR11112,OJ-SA-1406 - Drivledd,1633428059,TRUE,,90,PCE,,22,2,237.6,,559.2,699
,DR11113,OJ-SA-1715 - Drivledd,1633428060,TRUE,,90,PCE,,19,2,205.2,,434.4,543
,DR11116,OJ-HY-0646 - Drivledd,1633428061,TRUE,,90,PCE,,20,7,216,,680,850
,DR11118,OJ-HY-0645 -(0410-V75A50 )-,1633428062,TRUE,,90,PCE,,22,2,237.6,,960,1200
,DR11120,OJ-HY-0619 - Drivledd,1633428063,TRUE,,90,PCE,,19,1,205.2,,600,750
,DR11121,OJ-HY-0616 - Drivledd,1633428064,TRUE,,90,PCE,,18,2,194.4,,520,650
,DR11122,OJ-HY-0628 - Drivledd,1633428065,TRUE,,90,PCE,,22,3,237.6,,1320,1650
,DR11123,OJ-HY-0631 - Drivledd,1633428066,TRUE,,90,PCE,,26,3,280.8,,792,990
,DR11124,OJ-HY-0648- Drivledd,1633428067,TRUE,,90,PCE,,20,2,216,,792,990
,DR11127,OJ-HY-0660 -(1210-TER)- Drivledd,1633428068,TRUE,,90,PCE,,31,1,334.8,,999.2,1249
,DR11149,OJ-HY-0643 - Drivledd,1633428069,TRUE,,90,PCE,,23,1,248.4,,792,990
,DR11159,OJ-HY-0627 - Drivledd,1633428070,TRUE,,90,PCE,,20,4,216,,680,850
,DR11160,OJ-HY-3580 -(1210-TUCMTA48)- Drivledd,1633428071,TRUE,,90,PCE,,18,1,194.4,,1272,1590
,DR11161,OJ-HY-9000 (1210-IX35A48R) - Drivledd,1633428072,TRUE,,90,PCE,,32,1,345.6,,1168,1460
,DR11162,OJ-HY-0632 -(1210-011 )- Drivledd,1633428073,TRUE,,90,PCE,,25,2,270,,837.6,1047
,DR11163,OJ-HY-0651 - Drivledd,1633428074,TRUE,,90,PCE,,25,3,270,,1431.2,1789
,DR11164,OJ-HY-1012 -(1210-TUCA48)- Drivledd,1633428075,TRUE,,90,PCE,,25,1,270,,1232,1540
,DR11165,OJ-HY-0668 - Drivledd,1633428076,TRUE,,90,PCE,,24,1,259.2,,792,990
,DR11166,OJ-HY-0658 - Drivledd,1633428077,TRUE,,90,PCE,,23,1,248.4,,1177.6,1472
,DR11167,OJ-HY-7000 -(1210-SFA52)- Drivledd,1633428078,TRUE,,90,PCE,,26,1,280.8,,1168,1460
,DR11168,OJ-HY-1000 -(1210-SFCLRRA52)- Drivledd,1633428079,TRUE,,90,PCE,,29,1,313.2,,1272,1590
,DR11171,OJ-HY-0606 (OJ-HY-0662) - Drivledd,1633428080,TRUE,,90,PCE,,21,5,226.8,,760,950
,DR11172,OJ-HY-0659 - Drivledd,1633428081,TRUE,,90,PCE,,30,4,324,,992,1240
,DR11174,OJ-HY-0652 - Drivledd,1633428082,TRUE,,90,PCE,,20,2,216,,792,990
,DR11175,OJ-HY-0665 - Drivledd,1633428083,TRUE,,90,PCE,,23,2,248.4,,924.8,1156
,DR11176,OJ-IZ-0309 (826004) - Drivledd,1633428084,TRUE,,90,PCE,,21,2,226.8,,680,850
,DR11178,OJ-NI-0165 - Drivledd,1633428085,TRUE,,90,PCE,,20,1,216,,600,750
,DR11179,OJ-IZ-0310 - Drivledd,1633428086,TRUE,,90,PCE,,21,2,226.8,,600,750
,DR11180,OJ-GM-1415 - Drivledd,1633428087,TRUE,,90,PCE,,19,1,205.2,,626.4,783
,DR11183,OJ-GM-1700 - Drivledd,1633428088,TRUE,,90,PCE,,19,1,205.2,,600,750
,DR11186,OJ-RN-1494 -(2410-MASTA51) - Drivledd,1633428089,TRUE,,90,PCE,,21,1,226.8,,754.4,943
,DR11188,OJ-FI-1768 - Drivledd,1633428090,TRUE,,90,PCE,,22,1,237.6,,559.2,699
,DR11189,OJ-FI-1907 - Drivledd,1633428091,TRUE,,90,PCE,,21,1,226.8,,712,890
,DR11190,OJ-FI-1950 - Drivledd,1633428092,TRUE,,90,PCE,,28,2,302.4,,792,990
,DR11193,OJ-MB-1791 - Drivledd,1633428093,TRUE,,90,PCE,,21,1,226.8,,720,900
,DR11196,OJ-MB-2980 (1610-164) - Drivledd,1633428094,TRUE,,90,PCE,,96,2,1036.8,,2596,3245
,DR11197,OJ-MB-1672 - Drivledd,1633428095,TRUE,,90,PCE,,19,4,205.2,,952,1190
,DR11198,OJ-MB-1462 - Drivledd,1633428096,TRUE,,90,PCE,,37,3,399.6,,1992,2490
,DR11199,OJ-MB-1469 - Drivledd,1633428097,TRUE,,90,PCE,,17,6,183.6,,880,1100
,DR11207,OJ-MB-4477 (1610-460A54) - Drivledd,1633428098,TRUE,,90,PCE,,35,1,378,,1584,1980
,DR11208,OJ-MB-3500 (1610-W639R) - Drivledd,1633428099,TRUE,,90,PCE,,21,1,226.8,,1432,1790
,DR11221,OJ-MB-1616 (1610-210A48) - Drivledd,1633428100,TRUE,,90,PCE,,29,1,313.2,,2072,2590
,DR11222,OJ-MB-2400 (1610-203) - Drivledd,1633428101,TRUE,,90,PCE,,64,1,691.2,,1992,2490
,DR11227,OJ-MB-6688 (1610-212A96R) - Drivledd,1633428102,TRUE,,90,PCE,,24,1,259.2,,2760,3450
,DR11231,OJ-MB-6500 (1610-204A96R) - Drivledd,1633428103,TRUE,,90,PCE,,27,1,291.6,,2799.2,3499
,DR11235,OJ-MB-7766 (1610-164S) - Drivledd,1633428104,TRUE,,90,PCE,,73,1,788.4,,2392,2990
,DR11240,OJ-MB-1690 (1610-169) - Drivledd,1633428105,TRUE,,90,PCE,,44,1,475.2,,1376,1720
,DR11247,OJ-OP-1306 - Drivledd,1633428106,TRUE,,90,PCE,,18,2,194.4,,680,850
,DR11251,OJ-OP-1395 - Drivledd,1633428107,TRUE,,90,PCE,,20,1,216,,830.4,1038
,DR11252,OJ-OP-1396 - Drivledd,1633428108,TRUE,,90,PCE,,17,1,183.6,,872,1090
,DR11258,S03 - Adapter,1633428109,TRUE,,90,PCE,,45,1,486,,1592,1990
,DR11259,S09 - Adapter,1633428110,TRUE,,90,PCE,,113,3,1220.4,,2152,2690
,DR11261,S14,1633428111,TRUE,,90,PCE,,79,1,853.2,,,
,DR11267,S05 - Adapter,1633428112,TRUE,,90,PCE,,55,4,594,,1592,1990
,DR11268,OJ-BM-3366 (1910-X5RR) - Drivledd,1633428113,TRUE,,90,PCE,,24,1,259.2,,1072,1340
,DR11271,OJ-BM-1375 -(1910-X5)- - Drivledd,1633428114,TRUE,,90,PCE,,22,2,237.6,,920,1150
,DR11273,OJ-RV-1010 -(2910-FLIR)- Drivledd,1633428115,TRUE,,90,PCE,,18,1,194.4,,1424,1780
,DR11278,OJ-RV-1699 - Drivledd,1633428116,TRUE,,90,PCE,,19,3,205.2,,848,1060
,DR11280,OJ-RV-1653 - Drivledd,1633428117,TRUE,,90,PCE,,17,1,183.6,,1057.6,1322
,DR11284,OJ-RV-1612 - Drivledd,1633428118,TRUE,,90,PCE,,31,1,334.8,,968,1210
,DR11289,OJ-RV-1611 -(2910-DIIIR )- Drivledd,1633428119,TRUE,,90,PCE,,32,1,345.6,,1000,1250
,DR11290,OJ-TO-0276- Drivledd,1633428120,TRUE,,90,PCE,,34,3,367.2,,880,1100
,DR11292,OJ-TO-0406 -(0110-083)- Drivledd,1633428121,TRUE,,90,PCE,,22,3,237.6,,1168,1460
,DR11293,OJ-TO-0266 -(0110-AZT250A48) - Drivledd,1633428122,TRUE,,90,PCE,,26,2,280.8,,732,915
,DR11302,OJ-TO-0263 - Drivledd,1633428123,TRUE,,90,PCE,,19,1,205.2,,680,850
,DR11303,OJ-TO-0261 - Drivledd,1633428124,TRUE,,90,PCE,,19,2,205.2,,960,1200
,DR11304,OJ-TO-0257 - Drivledd,1633428125,TRUE,,90,PCE,,22,2,237.6,,788,985
,DR11305,OJ-TO-0253 - Drivledd,1633428126,TRUE,,90,PCE,,25,2,270,,872,1090
,DR11307,OJ-TO-0251 - Drivledd,1633428127,TRUE,,90,PCE,,19,3,205.2,,990.4,1238
,DR11309,OJ-TO-0247 - Drivledd,1633428128,TRUE,,90,PCE,,19,3,205.2,,680,850
,DR11315,OJ-TO-0246 - Drivledd,1633428129,TRUE,,90,PCE,,20,1,216,,784,980
,DR11323,OJ-TO-0245 - Drivledd,1633428130,TRUE,,90,PCE,,18,2,194.4,,672,840
,DR11328,"Febest-(0110-ACA30), ED-(OJ-TO-0260) - Drivledd",1633428131,TRUE,,90,PCE,,20,1,216,,799.2,999
,DR11335,OJ-TO-0212 - Saknarp? hemsida,1633428132,TRUE,,90,PCE,,16,6,172.8,,,
,DR11340,OJ-TO-0215 - Drivledd,1633428133,TRUE,,90,PCE,,16,2,172.8,,760,950
,DR11342,OJ-TO-0218 - Drivledd,1633428134,TRUE,,90,PCE,,26,1,280.8,,976,1220
,DR11343,OJ-TO-0226 - Drivledd,1633428135,TRUE,,90,PCE,,21,2,226.8,,960,1200
,DR11344,OJ-TO-0231 - Saknar p? hemsida,1633428136,TRUE,,90,PCE,,26,1,280.8,,,
,DR11347,OJ-TO-0235 -(0110-027A48)- Drivledd,1633428137,TRUE,,90,PCE,,21,2,226.8,,760,950
,DR11348,OJ-TO-0267 - (0110-077A48)- Drivledd,1633428138,TRUE,,90,PCE,,24,2,259.2,,920,1150
,DR11349,OJ-TO-0274 - (0110-080)- Drivledd,1633428139,TRUE,,90,PCE,,37,2,399.6,,1272,1590
,DR11354,OJ-TO-0225 - Drivledd,1633428140,TRUE,,90,PCE,,19,2,205.2,,760,950
,DR11355,EDI-TO-001 -(0111-KZN165)- Drivledd,1633428141,TRUE,,90,PCE,,35,1,378,,1352,1690
,DR11357,OJ-TO-0210 - Drivledd,1633428142,TRUE,,90,PCE,,20,3,216,,864,1080
,DR11358,OJ-TO-0201 - Drivledd,1633428143,TRUE,,90,PCE,,18,1,194.4,,680,850
,DR11359,OJ-VA-1449 -(2310-030) - Drivledd,1633428144,TRUE,,90,PCE,,16,5,172.8,,621.6,777
,DR11362,OJ-VA-1472 - Drivledd,1633428145,TRUE,,90,PCE,,15,2,162,,488.8,611
,DR11363,OJ-VA-1438 - Drivledd,1633428146,TRUE,,90,PCE,,18,2,194.4,,679.2,849
,DR11364,OJ-VA-1487 - Drivledd,1633428147,TRUE,,90,PCE,,24,1,259.2,,754.4,943
,DR11369,OJ-VA-1488 - Drivledd,1633428148,TRUE,,90,PCE,,16,1,172.8,,560,700
,DR11371,OJ-VA-1489 - Drivledd,1633428149,TRUE,,90,PCE,,17,2,183.6,,520,650
,DR11372,OJ-VA-1497 - Drivledd,1633428150,TRUE,,90,PCE,,20,2,216,,464,580
,DR11373,OJ-VA-1718 - Drivledd,1633428151,TRUE,,90,PCE,,14,1,151.2,,760,950
,DR11374,OJ-VA-1726 - Drivledd,1633428152,TRUE,,90,PCE,,22,2,237.6,,640,800
,DR11378,OJ-VA-1728 - Drivledd,1633428153,TRUE,,90,PCE,,21,3,226.8,,712,890
,DR11379,OJ-VA-1743 - Drivledd,1633428154,TRUE,,90,PCE,,22,2,237.6,,480,600
,DR11381,OJ-VA-1745 - Drivledd,1633428155,TRUE,,90,PCE,,18,8,194.4,,639.2,799
,DR11382,OJ-VA-1796,1633428156,TRUE,,90,PCE,,15,2,162,,,
,DR11383,OJ-VA-1921,1633428157,TRUE,,90,PCE,,28,3,302.4,,,
,DR11385,OJ-VA-1983 - Drivledd,1633428158,TRUE,,90,PCE,,75,2,810,,1512,1890
,DR11389,OJ-VA-1747,1633428159,TRUE,,90,PCE,,16,9,172.8,,,
,DR11393,OJ-VA-1486 - Drivledd,1633428160,TRUE,,90,PCE,,25,5,270,,1104,1380
,DR11394,OJ-VA-1991 - Drivledd,1633428161,TRUE,,90,PCE,,24,2,259.2,,1272,1590
,DR11396,OJ-VA-1684 - Drivledd,1633428162,TRUE,,90,PCE,,18,2,194.4,,479.2,599
,DR11397,OJ-VO-1908 - Drivledd,1633428163,TRUE,,90,PCE,,30,5,324,,1116,1395
,DR11400,OJ-VO-1498 - Drivledd,1633428164,TRUE,,90,PCE,,21,4,226.8,,968.8,1211
,DR11405,OJ-VO-1485 - Drivledd,1633428165,TRUE,,90,PCE,,24,1,259.2,,639.2,799
,DR11407,OJ-VO-3035 -(2910-FLIIF)- Drivledd,1633428166,TRUE,,90,PCE,,26,2,280.8,,1280,1600
,DR11408,OJ-VO-1980 - Drivledd,1633428167,TRUE,,90,PCE,,29,2,313.2,,1000,1250
,DR11410,OJ-VO-1676 - Drivledd,1633428168,TRUE,,90,PCE,,23,1,248.4,,759.2,949
,DR11412,OJ-VO-1476 - Drivledd,1633428169,TRUE,,90,PCE,,20,1,216,,759.2,949
,DR11413,OJ-VO-1797 - Drivledd,1633428170,TRUE,,90,PCE,,24,1,259.2,,910.4,1138
,DR11415,OJ-VO-1735 - Drivledd,1633428171,TRUE,,90,PCE,,23,1,248.4,,594.4,743
,DR11416,OJ-VO-4070 (2110-CA220) - Drivledd,1633428172,TRUE,,90,PCE,,19,1,205.2,,1000,1250
,DR11417,OJ-VO-1781 - Drivledd,1633428173,TRUE,,90,PCE,,21,1,226.8,,675.2,844
,DR11418,OJ-VA-1909 - Drivledd,1633428174,TRUE,,90,PCE,,26,5,280.8,,952,1190
,DR11419,OJ-VA-1602 - Drivledd,1633428175,TRUE,,90,PCE,,20,2,216,,560,700
,DR11422,OJ-VA-1719 - Drivledd,1633428176,TRUE,,90,PCE,,19,2,205.2,,768,960
,DR11423,OJ-VA-1604 - Drivledd,1633428177,TRUE,,90,PCE,,17,1,183.6,,624,780
,DR11424,OJ-VA-1721 - Drivledd,1633428178,TRUE,,90,PCE,,20,1,216,,559.2,699
,DR11426,OJ-VA-1748 - Drivledd,1633428179,TRUE,,90,PCE,,18,1,194.4,,648.8,811
,DR11429,OJ-VA-1906 - Drivledd,1633428180,TRUE,,90,PCE,,26,1,280.8,,799.2,999
,DR11431,OJ-VO-4055 (2110-FOCII) - Drivledd,1633428181,TRUE,,90,PCE,,19,1,205.2,,1032,1290
,DR11432,OJ-VO-4477 (2710-S40II) - Drivledd,1633428182,TRUE,,90,PCE,,32,1,345.6,,1248,1560
,DR11434,OJ-HY-1211 -(1210-LANA44)- - Drivledd,1633428183,TRUE,,90,PCE,,26,1,280.8,,1112,1390
,DR11435,EDI6041 - Indre drivledd,1633428184,TRUE,,90,PCE,,16,3,172.8,,671.2,839
,DR11436,EDI6042 - Indre drivledd,1633428185,TRUE,,90,PCE,,25,2,270,,719.2,899
,DR11437,EDI6009 - Indre drivledd,1633428186,TRUE,,90,PCE,,33,3,356.4,,1024,1280
,DR11438,EDI-HO-2545 -(0311-HRVMTRH) - Indre drivledd,1633428187,TRUE,,90,PCE,,30,1,324,,1272,1590
,DR11445,EDI6044 - Indre drivledd,1633428188,TRUE,,90,PCE,,17,3,183.6,,596.8,746
,DR11446,EDI6054 - Indre drivledd,1633428189,TRUE,,90,PCE,,28,2,302.4,,1030.4,1288
,DR11447,EDI6008 - Indre drivledd,1633428190,TRUE,,90,PCE,,23,1,248.4,,719.2,899
,DR11450,EDI-TO-4886 -(0111-GRJ120)- Indre drivledd,1633428191,TRUE,,90,PCE,,41,1,442.8,,1272,1590
,DR11451,EDI6101 - Indre Drivledd,1633428192,TRUE,,90,PCE,,24,3,259.2,,760,950
,DR11452,EDI6033 - Indre drivledd,1633428193,TRUE,,90,PCE,,23,3,248.4,,719.2,899
,DR11453,EDI6075 - Indre drivledd,1633428194,TRUE,,90,PCE,,39,1,421.2,,896,1120
,DR11456,EDI6050 - Indre drivledd,1633428195,TRUE,,90,PCE,,22,1,237.6,,576,720
,DR11457,EDI6045 - Indre drivledd,1633428196,TRUE,,90,PCE,,22,1,237.6,,740,925
,DR11458,OJ-MB-1911,1633428197,TRUE,,90,PCE,,28,2,302.4,,,
,DR16678,OJ-VA-1796,1633428198,TRUE,,90,PCE,,15,1,162,,,
,DR18000,OJ-TO-0278,1633428199,TRUE,,90,PCE,,24,2,259.2,,,
,DR18019,OJ-HY-0664 - Drivledd,1633428200,TRUE,,90,PCE,,32,2,345.6,,1240,1550
,DR18033,OJ-HY-0650 (1210-014A44 )- Drivledd,1633428201,TRUE,,90,PCE,,25,1,270,,792,990
,DR18201,OJ-MI-8535 -(0410-GA2RR) - Drivledd,1633428202,TRUE,,90,PCE,,69,1,745.2,,1880,2350
,DR18400,S03S,1633428203,TRUE,,90,PCE,,25,5,270,,,
,DR18412,OJ-TO-0212,1633428204,TRUE,,90,PCE,,16,3,172.8,,,
,DR18444,CB-HO-01 (HCB-005) - Mellomaksellager,1633428205,TRUE,,90,PCE,,6,3,64.8,,792,990
,DR18453,CB-HO-04 (HCB-002) - Mellomaksellager,1633428206,TRUE,,90,PCE,,14,14,151.2,,799.2,999
,DR18550,CB-HO-02 (HCB-003) - Mellomaksellager,1633428207,TRUE,,90,PCE,,22,10,237.6,,1000,1250
,DR18800,CB-MZ-4050 (MZCB-B2500) - Mellomaksel lager,1633428208,TRUE,,90,PCE,,35,1,378,,1184,1480
,DR18888,CB-SB-03 -(SBCB-S11)- Mellomaksel lager,1633428209,TRUE,,90,PCE,,38,3,410.4,,1352,1690
,DR18910,CB-SB-013 (SBCB-B13) - Mellomaksellager,1633428210,TRUE,,90,PCE,,45,1,486,,1248,1560
,DR19125,CB-SY-2650 -(SGCB-KORC)- Mellomaksel lager,1633428211,TRUE,,90,PCE,,64,1,691.2,,1424,1780
,DR20100,CB-LX-8976 (TCB-024) - Mellomaksel lager,1633428212,TRUE,,90,PCE,,12,1,129.6,,799.2,999
,DR20169,CB-LX-980 (TCB-005) - Mellomaksel lager,1633428213,TRUE,,90,PCE,,16,1,172.8,,1352,1690
,DR20189,CB-LX-003 (TCB-020 ) - Mellomaksel lager,1633428214,TRUE,,90,PCE,,17,1,183.6,,1000,1250
,Eksp avg,CB-VO-001 (BMCB211) -(CBV3093)-,1633428215,TRUE,,90,PCE,,65,5,702,,1352,1690
,Fakturagebyr,CB-DG-300 (CRCB-300) - Mellomaksel lager,1633428216,TRUE,,90,PCE,,26,1,280.8,,1080,1350
,FD-271A,CB-VO-003 -(CBV2576)- (BMCB113) -(CBV2576)-,1633428217,TRUE,,90,PCE,,17,3,183.6,,1056,1320
,Frakt,CB-VO-002 -(CBV3058)- (BMCB155)- -(cbv3058)-,1633428218,TRUE,,90,PCE,,19,3,205.2,,1272,1590
,G21804,CB-FD-988 (CBFK)- Mellomaksel lager,1633428219,TRUE,,90,PCE,,19,2,205.2,,1160,1450
,HY-S-100,CB-NI-1515 (NCB-F15) - Mellomaksel lager,1633428220,TRUE,,90,PCE,,26,2,280.8,,1424,1780
,KA-AD-0550,CB-NI-101 (NCB-001) - Mellomaksel lager,1633428221,TRUE,,90,PCE,,19,2,205.2,,944,1180
,KD-TO-2525,CB-NI-1021 (NCB-W30) - Mellomaksel lager,1633428222,TRUE,,90,PCE,,10,1,108,,719.2,899
,LagerDiv,CB-NI-02 (bmcb138) - (NCB-002 ) - Mellomaksel lager,1633428223,TRUE,,90,PCE,,15,2,162,,944,1180
,MA10002,CB-NI-03 - Mellomaksel lager,1633428224,TRUE,,90,PCE,,14,3,151.2,,944,1180
,MA10006,CB-NI-010 - Mellomaksel lager,1633428225,TRUE,,90,PCE,,16,1,172.8,,1048.8,1311
,MA10007,CB-NI-001 (bmcb138) - Mellomaksel lager,1633428226,TRUE,,90,PCE,,18,3,194.4,,688,860
,MA10008,CB-FD-02 (BMCB57) - Mellomaksel lager,1633428227,TRUE,,90,PCE,,10,2,108,,880,1100
,MA10013,CB10072- mellomaksel lager,1633428228,TRUE,,90,PCE,,20,1,216,,1280,1600
,MA10014,CB-FD-4063 -(FDCB-TR)- Mellomaksel lager,1633428229,TRUE,,90,PCE,,14,3,151.2,,1172,1465
,MA10017,CB-FD-0585 -(FDCB-TT9)- Mellomaksel lager,1633428230,TRUE,,90,PCE,,12,3,129.6,,712,890
,MA10021,CB-OP-0550 -(OPCB-ANT)- Lager,1633428231,TRUE,,90,PCE,,52,1,561.6,,1280,1600
,MA10023,CB-FD01 - Lager,1633428232,TRUE,,90,PCE,,10,3,108,,600,750
,MA10024,CB-SY-01 - Lager,1633428233,TRUE,,90,PCE,,26,1,280.8,,952,1190
,MA10046,CB-SB-0002 (SBCB-002) - M lager,1633428234,TRUE,,90,PCE,,16,2,172.8,,792,990
,MA10065,CB-VW-5454 (VWCB-2H) - M lager,1633428235,TRUE,,90,PCE,,21,2,226.8,,1359.2,1699
,MA10070,CB-TO-2000 (TCB-NCP15) - M Lager,1633428236,TRUE,,90,PCE,,17,1,183.6,,952,1190
,MA10070,CB-TO-2460 (TCB-AZT246) - M Lager,1633428237,TRUE,,90,PCE,,9,1,97.2,,704,880
,MA10079,CB-TO-04 - M Lager,1633428238,TRUE,,90,PCE,,24,3,259.2,,952,1190
,MA10100,CB-TO-9889 -(BMCB316),1633428239,TRUE,,90,PCE,,25,3,270,,1192,1490
,MA10114,CB-TO-3551 (BMCB297) - M Lager,1633428240,TRUE,,90,PCE,,47,3,507.6,,1272,1590
,MA10124,CB-TO-320 (BMCB187) - M lager,1633428241,TRUE,,90,PCE,,29,3,313.2,,1080,1350
,MA10174,CBRN01 - M Lager,1633428242,TRUE,,90,PCE,,24,1,259.2,,720,900
,MA10175,CB-LR-012 (bmcm96/2a) - M Lager,1633428243,TRUE,,90,PCE,,13,1,140.4,,1199.2,1499
,MA10209,CB-LR-002 (BMCB330) -(CBRRL)- M lager,1633428244,TRUE,,90,PCE,,30,3,324,,1000,1250
,MA10210,CB-LR-01 (BMCB184 ) -(37996)- M Lager,1633428245,TRUE,,90,PCE,,25,1,270,,984,1230
,MA10211,CB-LR-0001 (LRCB-FLII ) - M Lager,1633428246,TRUE,,90,PCE,,32,2,345.6,,1024,1280
,MA10239,CB-VW-002 (BMCB290) - M Lager,1633428247,TRUE,,90,PCE,,25,2,270,,952,1190
,MA10246,CB-VW-303 -(CBVWS)- -(CBVWS) - M lager,1633428248,TRUE,,90,PCE,,25,3,270,,1168,1460
,MA10247,CBVW01 - M lager,1633428249,TRUE,,90,PCE,,17,1,183.6,,952,1190
,MA10249,CB-TO-1025 -(TCB-025)- (CBTH06) - M Lager,1633428250,TRUE,,90,PCE,,12,6,129.6,,1080,1350
,MA10249,CB-TO-006 (TCB-016) - M lager,1633428251,TRUE,,90,PCE,,17,7,183.6,,920,1150
,MA10252,CB-TO-01 -(TCB-KDN145)- M Lager,1633428252,TRUE,,90,PCE,,10,2,108,,920,1150
,MA10255,CB-TO-03 (TCB-019) - M lager,1633428253,TRUE,,90,PCE,,12,4,129.6,,1104,1380
,MB-416,CB-TO-0170 (TCB-017) - M Lager,1633428254,TRUE,,90,PCE,,10,3,108,,712,890
,MK10000,CB-BM-7505 -(BMCB301) - M lager,1633428255,TRUE,,90,PCE,,25,3,270,,1000,1250
,MK10001,CB-BM-05 - M lager,1633428256,TRUE,,90,PCE,,12,2,129.6,,704,880
,MK10003,CB-BM-007 -(38893) -(CBBM-9) - M lager,1633428257,TRUE,,90,PCE,,12,1,129.6,,799.2,999
,MK10005,CBBM03 - M lager,1633428258,TRUE,,90,PCE,,7,1,75.6,,632,790
,MK10007,CB-BM-1234 (BMCB313) - (CBBM-10)-,1633428259,TRUE,,90,PCE,,15,1,162,,896,1120
,MK10009,CB-BM-06 -(CBBX5) - m Lager,1633428260,TRUE,,90,PCE,,15,1,162,,799.2,999
,MK10010,CB-BM-01 - M lager,1633428261,TRUE,,90,PCE,,9,1,97.2,,680,850
,MK10011,CB-BM-9315 - M lager,1633428262,TRUE,,90,PCE,,26,1,280.8,,1088,1360
,MK10012,CVAUQ7 -(CBA7)- m Lager,1633428263,TRUE,,90,PCE,,29,3,313.2,,1200,1500
,MK10013,CVLJ95 - M Knute,1633428264,TRUE,,90,PCE,,60,1,648,,1800,2250
,MK10015,CVK131 - M Knute,1633428265,TRUE,,90,PCE,,60,2,648,,1784,2230
,MK10016,CB-MI-04 (MCB-KB4) - M lager,1633428266,TRUE,,90,PCE,,13,3,140.4,,1007.2,1259
,MK10017,CBMI05 (MCB-001 ) - M lager,1633428267,TRUE,,90,PCE,,13,5,140.4,,959.2,1199
,MK10019,CB-MI-01 -(MCB-009)- M Lager,1633428268,TRUE,,90,PCE,,13,2,140.4,,712,890
,MK10021,CBMI08 - M lager,1633428269,TRUE,,90,PCE,,12,1,129.6,,680,850
,MK10022,CBMI07 - M lager,1633428270,TRUE,,90,PCE,,21,2,226.8,,1040,1300
,MK10023,CB-MI-02 (MCB-011),1633428271,TRUE,,90,PCE,,9,4,97.2,,896,1120
,MK10024,CB-FD-009 (BMCB61),1633428272,TRUE,,90,PCE,,30,1,324,,768,960
,MK10024,CB-FD-111 (bmcb260),1633428273,TRUE,,90,PCE,,20,1,216,,1088,1360
,MK10025,CBSB02 - M lager,1633428274,TRUE,,90,PCE,,37,2,399.6,,1272,1590
,MK10026,CB-LX-4040 (TCB-USF40) - M lager,1633428275,TRUE,,90,PCE,,10,1,108,,920,1150
,MK10027,CB-DH-2000 (TCB-J100) - M lager,1633428276,TRUE,,90,PCE,,45,1,486,,1272,1590
,MK10028,CB-AD-05 (VWCB-GVI ) - M lager,1633428277,TRUE,,90,PCE,,48,1,518.4,,1720,2150
,MK10030,CB-OP-01 -(Mapco- 33799) - M lager,1633428278,TRUE,,90,PCE,,5,1,54,,632,790
,MK10031,CB-AD-9864 (CBATT) - M Lager,1633428279,TRUE,,90,PCE,,28,1,302.4,,1192,1490
,MK10032,CB-AD-8725 -(CBA6-8) -(cba6-8) M Lager,1633428280,TRUE,,90,PCE,,29,1,313.2,,1272,1590
,MK10033,CB-MB-4444 - M Lager,1633428281,TRUE,,90,PCE,,45,1,486,,1352,1690
,MK10034,CBMB87 (BMCB120) - M lager,1633428282,TRUE,,90,PCE,,50,1,540,,1400,1750
,MK10035,CB-MB-997,1633428283,TRUE,,90,PCE,,29,1,313.2,,,
,MK10036,CB-MB-9060 (BZCB-906) - M Lager,1633428284,TRUE,,90,PCE,,32,2,345.6,,1279.2,1599
,MK10037,CB-MB-1232 (MCB-CU4W) - M Lager,1633428285,TRUE,,90,PCE,,9,1,97.2,,896,1120
,MK10038,CB-MB-9111 - M Lager,1633428286,TRUE,,90,PCE,,19,2,205.2,,920,1150
,MK10039,CBMB12 - M Lager,1633428287,TRUE,,90,PCE,,18,3,194.4,,632,790
,MK10040,CBMB09 - M lager,1633428288,TRUE,,90,PCE,,12,3,129.6,,960,1200
,MK10043,CBMB08 - M Lager,1633428289,TRUE,,90,PCE,,8,2,86.4,,632,790
,MK10044,CBMB04 - M lager,1633428290,TRUE,,90,PCE,,6,1,64.8,,799.2,999
,MK10045,CBMB06 - M lager,1633428291,TRUE,,90,PCE,,8,2,86.4,,632,790
,MK10046,CBMB02 - M lager,1633428292,TRUE,,90,PCE,,11,4,118.8,,1056,1320
,MK10047,CB-SB-1212 (SBCB-S12) - M lager,1633428293,TRUE,,90,PCE,,58,2,626.4,,1512,1890
,MK10048,CB-MB-111 (BMCB41) - M lager,1633428294,TRUE,,90,PCE,,58,1,626.4,,1520,1900
,MK10049,CB-MB-444 (BMCB270 - BMCB270A) - M lager,1633428295,TRUE,,90,PCE,,34,3,367.2,,1199.2,1499
,MK10050,CB10036,1633428296,TRUE,,,90,PCE,,16,4,172.8,,
,MK10051,CB-MB-9442,1633428297,TRUE,,90,PCE,,20,2,216,,,
,MK10052,CB-IV-006 - M lager,1633428298,TRUE,,90,PCE,,39,1,421.2,,1240,1550
,MK10053,VWCB-TR10,1633428299,TRUE,,90,PCE,,32,5,345.6,,,
,MK10055,VWCB-TR11,1633428300,TRUE,,90,PCE,,50,2,540,,,
,MK10056,LagerDiv,1633428301,TRUE,,90,PCE,,20,20,216,,,
,MK10057,CLUTCH200,1633428302,TRUE,,90,PCE,,25,12,270,,,
,MK10058,MK-NI-2323 (ASN-C23),1633428303,TRUE,,90,PCE,,19,2,205.2,,1000,1250
,MK10060,MK-MK-0022 (ASSB-FOR),1633428304,TRUE,,90,PCE,,17,4,183.6,,799.2,999
,MK10061,MK-NI-5050 (ASMZ-BT50),1633428305,TRUE,,90,PCE,,11,2,118.8,,660,825
,MK10062,MK-NI-0005 (ASN-J10),1633428306,TRUE,,90,PCE,,32,2,345.6,,895.2,1119
,MK10063,MK-NI-6060 (ASN-TA60),1633428307,TRUE,,90,PCE,,19,1,205.2,,944,1180
,MK10064,MK-CJMB88 - Kryss ledd,1633428308,TRUE,,90,PCE,,8,5,86.4,,600,750
,MK10066,MK-NI-2424 (ASN-F24),1633428309,TRUE,,90,PCE,,21,2,226.8,,968,1210
,MK10068,MK-DH-001 (BM27 ),1633428310,TRUE,,90,PCE,,8,3,86.4,,676,845
,MK10069,MK-NI-003 (ASN-27),1633428311,TRUE,,90,PCE,,2,1,21.6,,392,490
,MK10070,MK-NI-4646 (ASN-46),1633428312,TRUE,,90,PCE,,4,16,43.2,,358.4,448
,MK10071,MK-MB-5125 (ASN-R51R2WD),1633428313,TRUE,,90,PCE,,13,5,140.4,,792,990
,MK10072,MK-MB-40100,1633428314,TRUE,,90,PCE,,21,5,226.8,,1039.2,1299
,MK10073,MK-SS-0001 (ASSG-REX),1633428315,TRUE,,90,PCE,,4,5,43.2,,479.2,599
,MK10074,MK-NI-2929 (ASN-29),1633428316,TRUE,,90,PCE,,3,5,32.4,,392,490
,MK10075,MK-NI-2525 (ASN-25),1633428317,TRUE,,90,PCE,,6,2,64.8,,488,610
,MK10076,MK-LR-002,1633428318,TRUE,,90,PCE,,13,1,140.4,,719.2,899
,MK10078,MK-FD-1501 (ASFD-F150),1633428319,TRUE,,90,PCE,,5,4,54,,520,650
,MK10080,MK-FD-0022 (ASMZ-9),1633428320,TRUE,,90,PCE,,4,6,43.2,,399.2,499
,MK10081,MK-TO-2050 (AST-KDH205),1633428321,TRUE,,90,PCE,,6,2,64.8,,528,660
,MK10082,MK-TO-0090 (AST-24 ),1633428322,TRUE,,90,PCE,,3,9,32.4,,444,555
,MK10083,MK-TO-3131 (AST-31),1633428323,TRUE,,90,PCE,,4,4,43.2,,355.2,444
,MK10084,MK-TO-6060 (ASN-A60F),1633428324,TRUE,,90,PCE,,11,5,118.8,,688,860
,MK10085,MK-KI-5000 (ASHY-TUC),1633428325,TRUE,,90,PCE,,5,3,54,,500,625
,MK10086,MK-TO-2020 (AST-20),1633428326,TRUE,,90,PCE,,6,4,64.8,,480,600
,MK10087,MK-TO-007 (BM44),1633428327,TRUE,,90,PCE,,12,3,129.6,,479.2,599
,OJ-FD-1620,MK-to-1717 (AST-17),1633428328,TRUE,,90,PCE,,4,5,43.2,,480,600
,OJ-MB-1911,MK-TO-3333 (AST-ACA33),1633428329,TRUE,,90,PCE,,32,4,345.6,,1032,1290
,OJ-MI-0672,MK-TO-010,1633428330,TRUE,,90,PCE,,12,1,129.6,,799.2,999
,OJ-TO-0212,MK-TO-009,1633428331,TRUE,,90,PCE,,12,1,129.6,,799.2,999
,OJ-TO-0212,MK-KY-1414 (ASK-SOR),1633428332,TRUE,,90,PCE,,8,3,86.4,,609.6,762
,OJ-TO-0231,MK-SZ-002 (ASSZ-077) (ASSZ-777),1633428333,TRUE,,90,PCE,,5,6,54,,399.2,499
,OJ-TO-0278,MK-KI-0101 (ASK-SORFY),1633428334,TRUE,,90,PCE,,7,2,75.6,,552,690
,OJ-VA-1747,MK-TO-6002 (AST-F602RM),1633428335,TRUE,,90,PCE,,6,1,64.8,,752,940
,OJ-VA-1796,MK-LR-001 (bm195),1633428336,TRUE,,90,PCE,,11,1,118.8,,799.2,999
,OJ-VA-1796,MK-TO-1515 (AST-GGN15),1633428337,TRUE,,90,PCE,,5,3,54,,479.2,599
,OJ-VA-1921,MK-IV-005 (BM412 ),1633428338,TRUE,,90,PCE,,21,2,226.8,,799.2,999
,P? D?ren Pakke,MK-IV-001,1633428339,TRUE,,90,PCE,,21,3,226.8,,799.2,999
,PG-207,MK-MI-7676 (ASM-76),1633428340,TRUE,,90,PCE,,4,4,43.2,,472,590
,postoppkrav,MK-JP-001 (BM415),1633428341,TRUE,,90,PCE,,15,3,162,,640,800
,Returpakke,MK-SY-2650 -,1633428342,TRUE,,90,PCE,,16,2,172.8,,676,845
,S03S,MK-MI-001 (ASM-81),1633428343,TRUE,,90,PCE,,4,8,43.2,,479.2,599
,S14,MK-LX-4040 (AST-USF40),1633428344,TRUE,,90,PCE,,10,1,108,,799.2,999
,Servicepakke,MK-LR-1000 (ASLR-DIII),1633428345,TRUE,,90,PCE,,4,1,43.2,,1000,1250
,ST10000,MK-AL-1000 (AS-1639),1633428346,TRUE,,90,PCE,,3,4,32.4,,319.2,399
,TEST1254,MK-AL-0000 (AS-1540),1633428347,TRUE,,90,PCE,,3,8,32.4,,392,490
,UN10000,MK-AL-5050 (AST-1539),1633428348,TRUE,,90,PCE,,2,7,21.6,,319.2,399
,UN10001,MK-MI-9191 (ASM-91),1633428349,TRUE,,90,PCE,,4,2,43.2,,432,540
,UN10002,MK-MI-0000 (ASCR-CAL),1633428350,TRUE,,90,PCE,,32,1,345.6,,992,1240
,UN10003,MK-MI-9999 (ASM-99),1633428351,TRUE,,90,PCE,,5,2,54,,516,645
,UN10004,MK-IZ-002 (BM524),1633428352,TRUE,,90,PCE,,11,1,118.8,,559.2,699
,UN10005,MK-HY-0005 (ASHY-GAL),1633428353,TRUE,,90,PCE,,5,2,54,,559.2,699
,UN10006,MK-HY-001 (AS-009),1633428354,TRUE,,90,PCE,,6,1,64.8,,479.2,599
,UN10007,MK-HO-001,1633428355,TRUE,,90,PCE,,12,2,129.6,,719.2,899
,VO123456,MK-HO-HRV (ASH-HRV),1633428356,TRUE,,90,PCE,,11,1,118.8,,784,980
,VW-203,MK-BM-1515 (ASBM-F15),1633428357,TRUE,,90,PCE,,25,1,270,,1000,1250
,VWCB-TR10,MK-FD-002 (bm681),1633428358,TRUE,,90,PCE,,11,2,118.8,,976,1220
,VWCB-TR11,MK-FD-003,1633428359,TRUE,,90,PCE,,11,2,118.8,,600,750
,,ABSRING,1633428360,TRUE,,90,PCE,,3,184,32.4,,,
,DR10484,(KCB-SOR) - (CB-HY-6000 ) - Mellomaksellager,1633428361,TRUE,,90,PCE,10320000,26,2,280.8,,1032,1290
,DR10487,(BM-502A)- Drivaksel bak h?yre,1633428362,TRUE,,90,PCE,22880000,78,0,842.4,,2288,2860
,DR10489,"(MK-IV-002) - Ledd, Mellomaksel",1633428363,TRUE,,90,PCE,8960000,0,0,0,,896,1120
,DR10491,"(MANBKU) - Drivakselmansjett, drivleddmansjett, drivknutemans",1633428364,TRUE,,90,PCE,7992000,0,0,0,,799.2,999
,DR10493,(HYCB-001) - (CB-HY-02) - Mellomaksel lager,1633428365,TRUE,,90,PCE,7992000,10,6,108,,799.2,999
,DR10498,"(S02) - Indre drivledd Drivaksling, drivaksel stikkaksel ",1633428366,TRUE,,90,PCE,0,24,2,259.2,,680,850
,DR10499,"(BM-105) - Drivaksel, Bmw, Framaksel venstre ",1633428367,TRUE,,90,PCE,0,62,0,669.6,,1440,1800
,DR10500,(OJ-VO-1671) - Drivknute,1633428368,TRUE,,90,PCE,7192000,24,5,259.2,,719.2,899
,DR10501,"(MANEDS) -Drivakselmansjett, mansjett, belg, drivknutemansj",1633428369,TRUE,,90,PCE,15200000,0,0,0,,1520,1900
,DR10502,(HO-241A) - Drivaksel h?yre,1633428370,TRUE,,90,PCE,22400000,63,0,680.4,,2240,2800
,DR10505,"(BM300) -(MK-NI-300) - Ledd, Mellomaksel kryss",1633428371,TRUE,,90,PCE,5440000,6,3,64.8,,544,680
,DR10507,(OJ-BM-1953) Ledd,1633428372,TRUE,,90,PCE,8960000,25,2,270,,896,1120
,DR10508,(VO-232) - Drivaksel h?yre,1633428373,TRUE,,90,PCE,28000000,125,0,1350,,2800,3500
,DR10510,(TO-247A) - Drivaksel h?yre,1633428374,TRUE,,90,PCE,23120000,75,0,810,,2312,2890
,DR11014,OJ-NI-0189 - Drivledd,1633428375,TRUE,,90,PCE,,17,2,183.6,,600,750
,DR11015,OJ-NI-0192 - Drivledd,1633428376,TRUE,,90,PCE,,18,4,194.4,,600,750
,DR11016,OJ-NI-0195- Drivledd,1633428377,TRUE,,90,PCE,,16,2,172.8,,520,650
,DR11018,OJ-NI-1190 -(0210-FX35) - Drivledd,1633428378,TRUE,,90,PCE,,34,2,367.2,,952,1190
,DR11019,OJ-NI-0136 - Drivledd,1633428379,TRUE,,90,PCE,,26,1,280.8,,600,750
,DR11020,OJ-NI-4828 -(0210-R51R)- Drivledd,1633428380,TRUE,,90,PCE,,50,2,540,,1432,1790
,DR11021,OJ-NI-3198 -(0210-T30RA44)-VARENR,1633428381,TRUE,,90,PCE,,20,1,216,,1056,1320
,DR11027,OJ-NI-0141 - Drivledd,1633428382,TRUE,,90,PCE,,15,1,162,,600,750
,DR11030,OJ-RN-1379 - Drivledd,1633428383,TRUE,,90,PCE,,19,4,205.2,,754.4,943
,DR11031,OJ-RN-1372 - Drivledd,1633428384,TRUE,,90,PCE,,21,2,226.8,,680,850
,DR11032,OJ-RN-1382- Drivledd,1633428385,TRUE,,90,PCE,,17,1,183.6,,760,950
,DR11036,OJ-RN-1915 - Drivledd,1633428386,TRUE,,90,PCE,,22,2,237.6,,680,850
,DR11037,OJ-RN-1919 - Drivledd,1633428387,TRUE,,90,PCE,,37,2,399.6,,1140,1425
,DR11043,OJ-RN-1426 - Drivledd,1633428388,TRUE,,90,PCE,,15,1,162,,763.2,954
,DR11045,OJ-RN-1904 - Drivledd,1633428389,TRUE,,90,PCE,,23,2,248.4,,952,1190
,DR18000,OJ-TO-0278,1633428390,TRUE,,90,PCE,,24,2,259.2,,,
,DR18019,OJ-HY-0664 - Drivledd,1633428391,TRUE,,90,PCE,,32,2,345.6,,1240,1550
,DR18033,OJ-HY-0650 (1210-014A44 )- Drivledd,1633428392,TRUE,,90,PCE,,25,1,270,,792,990
,DR18201,OJ-MI-8535 -(0410-GA2RR) - Drivledd,1633428393,TRUE,,90,PCE,,69,1,745.2,,1880,2350
,DR18400,S03S,1633428394,TRUE,,90,PCE,,25,5,270,,,
,DR18412,OJ-TO-0212,1633428395,TRUE,,90,PCE,,16,3,172.8,,,
,DR18444,CB-HO-01 (HCB-005) - Mellomaksellager,1633428396,TRUE,,90,PCE,,6,3,64.8,,792,990
,DR18453,CB-HO-04 (HCB-002) - Mellomaksellager,1633428397,TRUE,,90,PCE,,14,14,151.2,,799.2,999
,DR18550,CB-HO-02 (HCB-003) - Mellomaksellager,1633428398,TRUE,,90,PCE,,22,10,237.6,,1000,1250
,DR18800,CB-MZ-4050 (MZCB-B2500) - Mellomaksel lager,1633428399,TRUE,,90,PCE,,35,1,378,,1184,1480
,DR10472,"(MK-RN-40120) - Mellomakselkryss, kryss, ledd, til mellomaksel Re",1633427842,TRUE,,90,PCE,5328000,6,5,64.8,,532.8,666
,DR10474,(CBAD01) - Mellomaksel lager,1633427843,TRUE,,90,PCE,15360000,44,0,475.2,,1536,1920
,DR10475,Frakt,1633427844,TRUE,,90,PCE,0,0,0,0,,,
,DR10475,(MK-MB-0906) - Mellomakselkryss ASBZ-906,1633427845,TRUE,,90,PCE,6304000,8,3,86.4,,630.4,788
,DR10476,"(MK-MB-4600) -  Ledd, Mellomaksel kryss",1633427846,TRUE,,90,PCE,9752000,32,0,345.6,,975.2,1219
,DR10477,Returpakke,1633427847,TRUE,,90,PCE,1880000,0,0,0,,,
,DR10478,(BM-221) - Drivaksel h?yre,1633427848,TRUE,,90,PCE,27920000,100,0,1080,,2792,3490
,DR10479,(TCB-003) - (CB-TO-02) - Mellomaksel lager,1633427849,TRUE,,90,PCE,8960000,8,3,86.4,,896,1120
,DR10480,Drivlinje vinst,1633427850,TRUE,,90,PCE,0,0,0,0,,,
,DR10481,(Vw-250) - Drivaksel h?yre,1633427851,TRUE,,90,PCE,17200000,49,0,529.2,,1720,2150
,DR10482,TESTPRODUKT anto,1633427852,TRUE,,90,PCE,1800000,0,0,0,,,
,DR10484,(KCB-SOR) - (CB-HY-6000 ) - Mellomaksellager,1633427853,TRUE,,90,PCE,10320000,26,2,280.8,,1032,1290
,DR10487,(BM-502A)- Drivaksel bak h?yre,1633427854,TRUE,,90,PCE,22880000,78,0,842.4,,2288,2860
,DR10489,"(MK-IV-002) - Ledd, Mellomaksel",1633427855,TRUE,,90,PCE,8960000,0,0,0,,896,1120
,DR10491,"(MANBKU) - Drivakselmansjett, drivleddmansjett, drivknutemans",1633427856,TRUE,,90,PCE,7992000,0,0,0,,799.2,999
,DR10493,(HYCB-001) - (CB-HY-02) - Mellomaksel lager,1633427857,TRUE,,90,PCE,7992000,10,6,108,,799.2,999
,DR10498,"(S02) - Indre drivledd Drivaksling, drivaksel stikkaksel ",1633427858,TRUE,,90,PCE,0,24,2,259.2,,680,850
,DR10499,"(BM-105) - Drivaksel, Bmw, Framaksel venstre ",1633427859,TRUE,,90,PCE,0,62,0,669.6,,1440,1800
,DR10500,(OJ-VO-1671) - Drivknute,1633427860,TRUE,,90,PCE,7192000,24,5,259.2,,719.2,899
,DR10501,"(MANEDS) -Drivakselmansjett, mansjett, belg, drivknutemansj",1633427861,TRUE,,90,PCE,15200000,0,0,0,,1520,1900
,DR10502,(HO-241A) - Drivaksel h?yre,1633427862,TRUE,,90,PCE,22400000,63,0,680.4,,2240,2800
,DR10505,"(BM300) -(MK-NI-300) - Ledd, Mellomaksel kryss",1633427863,TRUE,,90,PCE,5440000,6,3,64.8,,544,680
,DR10507,(OJ-BM-1953) Ledd,1633427864,TRUE,,90,PCE,8960000,25,2,270,,896,1120
,DR10508,(VO-232) - Drivaksel h?yre,1633427865,TRUE,,90,PCE,28000000,125,0,1350,,2800,3500
,DR10510,(TO-247A) - Drivaksel h?yre,1633427866,TRUE,,90,PCE,23120000,75,0,810,,2312,2890
,DR10517,"(MK-TO-2323) Ledd, Mellomaksel kryss",1633427867,TRUE,,90,PCE,4712000,4,2,43.2,,471.2,589
,DR10520,"ABS-givare fram, v?nster",1633427868,TRUE,,90,PCE,0,0,0,0,,,
,DR10521,(ASN-R51F) - (MK-NI-5151) mellomaksel kryss,1633427869,TRUE,,90,PCE,5520000,6,4,64.8,,552,690
,DR10524,(CT-219) - Drivaksel h?yre,1633427870,TRUE,,90,PCE,20960000,63,0,680.4,,2096,2620
,DR10529,"(OJ-VA-1450) -Ytre drivknute, drivledd, leddsett, hjulside",1633427871,TRUE,,90,PCE,5064000,18,3,194.4,,506.4,633
,DR10532,"Tillbeh?rssats, bromsbackar ",1633427872,TRUE,,90,PCE,0,0,0,0,,,
,DR10533,(Vo-120A) Drivaksel venstre,1633427873,TRUE,,90,PCE,20480000,104,0,1123.2,,2048,2560
,DR10534,(OJ-BM-1958) - Drivledd,1633427874,TRUE,,90,PCE,23920000,43,1,464.4,,2392,2990
,DR10537,Fakturagebyr,1633427875,TRUE,,50,PCE,392000,0,0,0,,,
,DR10540,(BM-299A) Drivaksel h?yre,1633427876,TRUE,,90,PCE,26320000,112,0,1209.6,,2632,3290
,DR10543,"(0410-CU20RA43) Ytre drivknute, drivledd, leddsett",1633427877,TRUE,,90,PCE,11192000,26,1,280.8,,1119.2,1399
