Notes,Barcode,Name,Date,IsActive,Number,ArticleAccountCoding,Unit,NetPrice,EU,stock,PurchasePrice,StockBalance,price_with_taxe +20%,price_with_taxes
,,(VO-213A) - Drivaksel h?yre,1633427368,TRUE,11356,90,PCE,,138,12,1490.4,,2750,2200
,,(VO-223A) - Drivaksel,1633427369,TRUE,11357,90,PCE,,74,11,799.2,,2999,2399.2
,,(VO-206) - (FD-285) - Drivaksel h?yre,1633427370,TRUE,11359,90,PCE,,63,11,680.4,,2390,1912
,,(TO-124A) - Drivaksel Venstre,1633427371,TRUE,11360,90,PCE,26000000,63,9,680.4,,3250,2600
,,(TO-323) - Drivaksel,1633427372,TRUE,11361,90,PCE,,82,9,885.6,,3200,2560
,,(TO-152A)- Drivaksel venstre,1633427373,TRUE,11362,90,PCE,20480000,69,8,745.2,,2560,2048
,,(VW-305A)- (vw-143A)- Drivaksel,1633427374,TRUE,30001,90,PCE,,43,7,464.4,,1499,1199.2
,,(PG-110A)- ((P177AL)) -((245101))- Drivaksel venstre,1633427375,TRUE,53154,90,PCE,,57,7,615.6,,1790,1432
,,(HO-259A) - Drivaksel h?yre,1633427376,TRUE,0482-V75R,90,PCE,22400000,82,7,885.6,,2800,2240
,,(VW-284) - Drivaksel h?yre,1633427377,TRUE,0726q,90,PCE,,81,7,874.8,,2940,2352
,,(MB-226) - Drivaksel h?yre,1633427378,TRUE,37140-3507,90,PCE,,72,6,777.6,,3125,2500
,,(VO-108) - Drivaksel venstre,1633427379,TRUE,AAAAAAA,90,PCE,,57,6,615.6,,2150,1720
,,(NI-174) - (241481) - Drivaksel venstre,1633427380,TRUE,ABSRING,90,PCE,,114,6,1231.2,,3990,3192
,,AD-214A (AD-206A) - Drivaksel h?yre,1633427381,TRUE,AD-315,90,PCE,,55,6,594,,2200,1760
,,BM-104 - Drivaksel venstre,1633427382,TRUE,Bedriftspakke,90,PCE,,62,6,669.6,,2180,1744
,,(Vw-247)- (VW-245)- Drivaksel,1633427383,TRUE,CB-MB-9442,90,PCE,,75,6,810,,2870,2296
,,(MB-307) - Drivaksel,1633427384,TRUE,CB-MB-997,90,PCE,,71,6,766.8,,3100,2480
,,(VW-145)- (vw-146)- Drivaksel,1633427385,TRUE,CB10000,90,PCE,,61,6,658.8,,2510,2008
,,(OP-206A) - Drivaksel h?yre,1633427386,TRUE,CB10001,90,PCE,,52,6,561.6,,1560,1248
,,(TO-153A) - Drivaksel framaksel venstre,1633427387,TRUE,CB10003,90,PCE,25000000,49,5,529.2,,3125,2500
,,(TO-132A) - Drivaksel venstre,1633427388,TRUE,CB10004,90,PCE,,71,5,766.8,,3145,2516
,,(CT-258) - Drivaksel h?yre,1633427389,TRUE,CB10006,90,PCE,23200000,74,5,799.2,,2900,2320
,,PG-206 -(PG-207)-(245104)- Drivaksel h?yre,1633427390,TRUE,CB10007,90,PCE,,51,5,550.8,,1999,1599.2
,,(RN-239) - Drivaksel h?yre,1633427391,TRUE,CB10009,90,PCE,,79,5,853.2,,2999,2399.2
,,(RN-132) - Drivaksel venstre,1633427392,TRUE,CB10010,90,PCE,,61,5,658.8,,1990,1592
,,(FD-272A) - (FD-242A)- Drivaksel h?yre,1633427393,TRUE,CB10012,90,PCE,,74,5,799.2,,2990,2392
,,BM-204 -(BM184RN)- Drivaksel h?yre,1633427394,TRUE,CB10013,90,PCE,,63,5,680.4,,2480,1984
,,(Gsp -261257 ) Drivaksel bak venstre,1633427395,TRUE,CB10014,90,PCE,17520000,37,5,399.6,,2190,1752
,,(BM-601) - Drivaksel,1633427396,TRUE,CB10015,90,PCE,,114,5,1231.2,,3180,2544
,,(HO-159A) Drivaksel venstre,1633427397,TRUE,CB10017,90,PCE,23992000,84,5,907.2,,2999,2399.2
,,(VO-210A) - Drivaksel Volvo framaksel h?yre,1633427398,TRUE,CB10019,90,PCE,18000000,61,5,658.8,,2250,1800
,,(FD-275)Drivaksel framaksel h?yre,1633427399,TRUE,CB10021,90,PCE,28720000,100,5,1080,,3590,2872
,,(HO-133A)-  Drivaksel venstre foran,1633427400,TRUE,CB10022,90,PCE,22400000,54,4,583.2,,2800,2240
,,(VO-2172) -(VO172RN)- Drivaksel,1633427401,TRUE,CB10025,90,PCE,,90,4,972,,2780,2224
,,Gsp-(259674),1633427402,TRUE,CB10026,90,PCE,,40,4,432,,3690,2952
,,Gsp-(259673),1633427403,TRUE,CB10028,90,PCE,,35,4,378,,3590,2872
,,(VO-116A) - Drivaksel venstre,1633427404,TRUE,CB10029,90,PCE,,68,4,734.4,,2290,1832
,,(FD-280) - Drivaksel h?yre,1633427405,TRUE,CB10030,90,PCE,,91,4,982.8,,2980,2384
,,(HO-250) - Drivaksel h?yre,1633427406,TRUE,CB10031,90,PCE,,82,4,885.6,,2650,2120
,,(VW-142) - Drivaksel venstre,1633427407,TRUE,CB10033,90,PCE,,71,4,766.8,,2400,1920
,,(VW-134) - Drivaksel venstre,1633427408,TRUE,CB10034,90,PCE,,47,4,507.6,,2199,1759.2
,,(OP-210A) - Drivaksel,1633427409,TRUE,CB10040,90,PCE,,43,4,464.4,,1828,1462.4
,,(VW-251) - Drivaksel h?yre,1633427410,TRUE,CB10046,90,PCE,,50,4,540,,1750,1400
,,(VW-155) - Drivaksel venstre,1633427411,TRUE,CB10048,90,PCE,18400000,48,4,518.4,,2300,1840
,,(CT-171) - Drivaksel venstre,1633427412,TRUE,CB10049,90,PCE,,107,4,1155.6,,2989,2391.2
,,RN-223 (rn-222) - Drivaksel,1633427413,TRUE,CB10051,90,PCE,,47,4,507.6,,1650,1320
,,(RN-130A) - Drivaksel venstre,1633427414,TRUE,CB10052,90,PCE,,74,4,799.2,,2450,1960
,,(TO-147A)- Drivaksel venstre,1633427415,TRUE,CB10053,90,PCE,23000000,89,4,961.2,,2875,2300
,,(CT-205) - Drivaksel,1633427416,TRUE,CB10054,90,PCE,,50,4,540,,1650,1320
,,BM-119 -(1914-E70LH)- Drivaksel,1633427417,TRUE,CB10055,90,PCE,,82,4,885.6,,3800,3040
,,(Fd-288)-Drivaksel framaksel h?yre,1633427418,TRUE,CB10056,90,PCE,25520000,77,4,831.6,,3190,2552
,,(TO-154) - Drivaksel venstre,1633427419,TRUE,CB10060,90,PCE,,77,4,831.6,,3250,2600
,,(FD-602A) Drivaksel,1633427420,TRUE,CB10061,90,PCE,,74,4,799.2,,2890,2312
,,(VO-214A) - Drivaksel h?yre,1633427421,TRUE,CB10067,90,PCE,,69,4,745.2,,2490,1992
,,"(FD-170) - Drivaksel, Volvo Ford, Venstre ",1633427422,TRUE,CB10070,90,PCE,15200000,50,3,540,,1900,1520
,,(MB-235A) - Drivaksel H?yre,1633427423,TRUE,CB10071,90,PCE,,102,3,1101.6,,4999,3999.2
,,(MB-324) - Drivaksel,1633427424,TRUE,CB10072,90,PCE,,56,3,604.8,,2250,1800
,,(MB-207) - Drivaksel h?yre,1633427425,TRUE,CB10073,90,PCE,,75,3,810,,3250,2600
,,(MB-192A) - Drivaksel venstre,1633427426,TRUE,CB10074,90,PCE,,163,3,1760.4,,4999,3999.2
,,(MB-202) - Drivaksel,1633427427,TRUE,CB10075,90,PCE,,94,3,1015.2,,5350,4280
,,(MB-302A) - Drivaksel,1633427428,TRUE,CB10076,90,PCE,,43,3,464.4,,1590,1272
,,(VO-233) - Drivaksel h?yre,1633427429,TRUE,CB10078,90,PCE,,114,3,1231.2,,3590,2872
,,(VO-106) - (FD-185)- Drivaksel,1633427430,TRUE,CB10084,90,PCE,,58,3,626.4,,2450,1960
,,(VO-212A) - Drivaksel,1633427431,TRUE,CB10085,90,PCE,,147,3,1587.6,,3125,2500
,,ncv73518 - Drivaksel,1633427432,TRUE,CB10086,90,PCE,,80,3,864,,2750,2200
,,(VO-136XP) - Drivaksel,1633427433,TRUE,CB10087,90,PCE,,75,3,810,,2750,2200
,,(FD-163) - Drivaksel venstre,1633427434,TRUE,CB10088,90,PCE,,61,3,658.8,,2550,2040
,,(FD-283) - Drivaksel h?yre,1633427435,TRUE,CB10091,90,PCE,,77,3,831.6,,3080,2464
,,(SB-310A) - Drivaksel,1633427436,TRUE,CB10093,90,PCE,,54,3,583.2,,2250,1800
,,(SB-309) - Drivaksel,1633427437,TRUE,CB10094,90,PCE,,60,3,648,,2250,1800
,,(NI-306) - Drivaksel,1633427438,TRUE,CB10095,90,PCE,,68,3,734.4,,3131,2504.8
,,(VW-424) - Drivaksel,1633427439,TRUE,CB10098,90,PCE,,77,3,831.6,,2600,2080
,,(VW-181)- (vw-141 )- Drivaksel,1633427440,TRUE,CB10100,90,PCE,,74,3,799.2,,2400,1920
,,(VW-308A) - Drivaksel,1633427441,TRUE,CB10102,90,PCE,,43,3,464.4,,1650,1320
,,(AD-215A) - Drivaksel h?yre,1633427442,TRUE,CB10103,90,PCE,,50,3,540,,1600,1280
,,(PG-412) - (MI180LN) - Drivaksel,1633427443,TRUE,CB10104,90,PCE,,71,3,766.8,,3100,2480
,,(PG-210A) - Drivaksel h?yre,1633427444,TRUE,CB10105,90,PCE,,50,3,540,,1750,1400
,,(CH-130A) - Drivaksel venstre,1633427445,TRUE,CB10106,90,PCE,,70,3,756,,2450,1960
,,(FI-216) -Drivaksel h?yre,1633427446,TRUE,CB10107,90,PCE,,63,3,680.4,,2750,2200
,,(RV-138A) - Drivaksel,1633427447,TRUE,CB10108,90,PCE,,148,3,1598.4,,3140,2512
,,(CT-217A) - Drivaksel h?yre,1633427448,TRUE,CB10109,90,PCE,,42,3,453.6,,1616,1292.8
,,(BM-122) - Drivaksel venstre,1633427449,TRUE,CB10110,90,PCE,,118,3,1274.4,,2999,2399.2
,,(BM-301A) - Drivaksel,1633427450,TRUE,CB10111,90,PCE,,53,3,572.4,,1860,1488
,,(VO-204A) - Drivaksel h?yre,1633427451,TRUE,CB10112,90,PCE,,65,3,702,,2100,1680
,,(VO-239A) - Drivaksel h?yre,1633427452,TRUE,CB10113,90,PCE,,105,3,1134,,3250,2600
,,(CT-209A) - Drivaksel h?yre,1633427453,TRUE,CB10115,90,PCE,,63,3,680.4,,2200,1760
,,(BM-304A) - Drivaksel,1633427454,TRUE,CB10116,90,PCE,,60,3,648,,2290,1832
,,(VW-285) - Drivaksel h?yre,1633427455,TRUE,CB10117,90,PCE,,101,3,1090.8,,3350,2680
,,(BM-206) - Drivaksel h?yre,1633427456,TRUE,CB10119,90,PCE,,62,3,669.6,,2490,1992
,,(FD-257) - Drivaksel h?yre,1633427457,TRUE,CB10120,90,PCE,,59,3,637.2,,2250,1800
,,(FD-503) - Drivaksel,1633427458,TRUE,CB10121,90,PCE,,87,3,939.6,,3250,2600
,,(VO-114A)- Drivaksel venstre,1633427459,TRUE,CB10123,90,PCE,20000000,71,2,766.8,,2500,2000
,,"(TO-322)- Drivaksel, Toyota, Framaksel",1633427460,TRUE,CB10129,90,PCE,24800000,87,2,939.6,,3100,2480
,,(VO-113A) - Drivaksel venstre,1633427461,TRUE,CB10130,90,PCE,22000000,137,2,1479.6,,2750,2200
,,(VO-110A) Drivaksel venstre,1633427462,TRUE,CB10131,90,PCE,16800000,56,2,604.8,,2100,1680
,,(FD-133) - Drivaksel venstre foran,1633427463,TRUE,CB10132,90,PCE,20280000,53,2,572.4,,2535,2028
,,(MB-191A) - Drivaksel venstre,1633427464,TRUE,CB10135,90,PCE,,163,2,1760.4,,6999,5599.2
,,(MB-105A) - Drivaksel venstre,1633427465,TRUE,CB10137,90,PCE,,50,2,540,,1930,1544
,,(MB-116) - Drivaksel venstre,1633427466,TRUE,CB10138,90,PCE,,65,2,702,,3250,2600
,,(MB-126) - Drivaksel venstre,1633427467,TRUE,CB10140,90,PCE,,57,2,615.6,,2960,2368
,,(MB-1610) - (1614-210LH)- Drivaksel,1633427468,TRUE,CB10142,90,PCE,,81,2,874.8,,4480,3584
,,(MB-292A) -(1614-203RH) - Drivaksel,1633427469,TRUE,CB10144,90,PCE,,163,2,1760.4,,5999,4799.2
,,(MB-603A) - (235009 ) - Drivaksel,1633427470,TRUE,CB10145,90,PCE,,60,2,648,,2680,2144
,,(MB-204)- Drivaksel h?yre,1633427471,TRUE,CB10146,90,PCE,,75,2,810,,4999,3999.2
,,(MB-205A) - Drivaksel h?yre,1633427472,TRUE,CB10147,90,PCE,,55,2,594,,2422,1937.6
,,(MB-301A) - Drivaksel,1633427473,TRUE,CB10148,90,PCE,,45,2,486,,1490,1192
,,(MB-211) - Drivaksel h?yre,1633427474,TRUE,CB10149,90,PCE,,63,2,680.4,,3149,2519.2
,,(VO-215A) Drivaksel h?yre,1633427475,TRUE,CB10151,90,PCE,,131,2,1414.8,,2990,2392
,,(VO-130A) - Drivaksel venstre,1633427476,TRUE,CB10153,90,PCE,,89,2,961.2,,2760,2208
,,(VO-231) -  (262053) Drivaksel,1633427477,TRUE,CB10154,90,PCE,,81,2,874.8,,3599,2879.2
,,(VO-225A) - Drivaksel h?yre,1633427478,TRUE,CB10156,90,PCE,,131,2,1414.8,,3325,2660
,,(TO-1886) - (0112-ZZT251LH),1633427479,TRUE,CB10158,90,PCE,,51,2,550.8,,2490,1992
,,Gsp - ( 259172 ),1633427480,TRUE,CB10159,90,PCE,,46,2,496.8,,3690,2952
,,Shaftec- (TO191L) ED- ( TO-164 )- Drivaksel,1633427481,TRUE,CB10161,90,PCE,,92,2,993.6,,3690,2952
,,Shaftec - (TO221LN) ED-(TO-160) Gsp-(259657),1633427482,TRUE,CB10162,90,PCE,,110,2,1188,,3450,2760
,,(VO-121A) - Drivaksel,1633427483,TRUE,CB10165,90,PCE,,98,2,1058.4,,2990,2392
,,(VO-224A) - Drivaksel h?yre,1633427484,TRUE,CB10168,90,PCE,,77,2,831.6,,2490,1992
,,Drivaksel h?yre,1633427485,TRUE,CB10169,90,PCE,,81,2,874.8,,,
,,(FD-220A) - Drivaksel h?yre,1633427486,TRUE,CB10171,90,PCE,,63,2,680.4,,2350,1880
,,(FD-258) Drivaksel h?yre,1633427487,TRUE,CB10172,90,PCE,,57,2,615.6,,2400,1920
,,(FD-186) - Drivaksel venstre,1633427488,TRUE,CB10173,90,PCE,,86,2,928.8,,3250,2600
,,(FD-118) - Drivaksel venstre,1633427489,TRUE,CB10174,90,PCE,,41,2,442.8,,1300,1040
,,(FD-119) - Drivaksel venstre,1633427490,TRUE,CB10175,90,PCE,,43,2,464.4,,1300,1040
,,(VO-112A) - Drivaksel venstre,1633427491,TRUE,CB10176,90,PCE,,156,2,1684.8,,3800,3040
,,(FD-263) - Drivaksel h?yre,1633427492,TRUE,CB11001,90,PCE,,68,2,734.4,,2550,2040
,,(FD-406) - Drivaksel,1633427493,TRUE,CB20020,90,PCE,,93,2,1004.4,,3340,2672
,,(FD-172A) - Drivaksel venstre,1633427494,TRUE,CLUTCH200,90,PCE,,66,2,712.8,,2890,2312
,,(FD-134)- (FD-156)- Drivaksel venstre,1633427495,TRUE,DK10002,90,PCE,,48,2,518.4,,2400,1920
,,(HO-233A) - Drivaksel h?yre,1633427496,TRUE,DK10003,90,PCE,,57,2,615.6,,2900,2320
,,(HO-222A) - Drivaksel h?yre,1633427497,TRUE,DK10028,90,PCE,,56,2,604.8,,2180,1744
,,(HO-122A) - Drivaksel venstre,1633427498,TRUE,DK10030,90,PCE,,50,2,540,,2180,1744
,,(HO-234A) - Drivaksel h?yre,1633427499,TRUE,DK10035,90,PCE,,58,2,626.4,,2650,2120
,,(HO-158) - Drivaksel venstre,1633427500,TRUE,DK10038,90,PCE,,71,2,766.8,,3180,2544
,,(NI-307) - Drivaksel,1633427501,TRUE,DK10041,90,PCE,,98,2,1058.4,,2584,2067.2
,,(NI-130A) - Drivaksel venstre,1633427502,TRUE,DK10053,90,PCE,,50,2,540,,1350,1080
,,(NI-271) - Drivaksel h?yre,1633427503,TRUE,DK10054,90,PCE,,86,2,928.8,,3125,2500
,,(NI-171) - Drivaksel venstre,1633427504,TRUE,DK10060,90,PCE,,75,2,810,,2999,2399.2
,,(NI-137A) - Drivaksel venstre,1633427505,TRUE,DK10067,90,PCE,,44,2,475.2,,1480,1184
,,(VW-154) - Drivaksel venstre,1633427506,TRUE,DK10072,90,PCE,,48,2,518.4,,2190,1752
,,(VW-420) - Drivaksel,1633427507,TRUE,DK10074,90,PCE,,63,2,680.4,,2550,2040
,,(VW-140A) - Drivaksel venstre,1633427508,TRUE,DK10096,90,PCE,,53,2,572.4,,1850,1480
,,(VW-150) - Drivaksel venstre,1633427509,TRUE,DK10105,90,PCE,,50,2,540,,1980,1584
,,(VW-302A) - Drivaksel,1633427510,TRUE,DK10130,90,PCE,,52,2,561.6,,1890,1512
,,(OP-106A) - Drivaksel venstre,1633427511,TRUE,DK10132,90,PCE,,49,2,529.2,,1690,1352
,,(OP-110A)- (OP-109A)- Drivaksel,1633427512,TRUE,DK10133,90,PCE,,43,2,464.4,,1900,1520
,,(OP-123) - Drivaksel venstre,1633427513,TRUE,DK10141,90,PCE,,70,2,756,,2300,1840
,,(OP-203A) - Drivaksel h?yre,1633427514,TRUE,DK10142,90,PCE,,48,2,518.4,,1770,1416
,,(OP-217A) - Drivaksel h?yre,1633427515,TRUE,DK10145,90,PCE,,54,2,583.2,,2190,1752
,,(VW-243A) - Drivaksel h?yre,1633427516,TRUE,DK10148,90,PCE,,57,2,615.6,,1990,1592
,,(VW-203)- Drivaksel h?yre,1633427517,TRUE,DK10152,90,PCE,,49,2,529.2,,2199,1759.2
,,(VW-504) - Drivaksel,1633427518,TRUE,DK10155,90,PCE,,107,2,1155.6,,3680,2944
,,(VW-286) - Drivaksel h?yre,1633427519,TRUE,DK10164,90,PCE,,61,2,658.8,,2690,2152
,,(VW-230) - Drivaksel h?yre,1633427520,TRUE,DK10171,90,PCE,,46,2,496.8,,1390,1112
,,(VW-234) - Drivaksel h?yre,1633427521,TRUE,DK10191,90,PCE,,47,2,507.6,,2172,1737.6
,,(VW-240A) - Drivaksel h?yre,1633427522,TRUE,DK10211,90,PCE,,51,2,550.8,,2450,1960
,,(PG-123) - Drivaksel venstre,1633427523,TRUE,DK10223,90,PCE,,60,2,648,,1790,1432
,,(HY-29659) -  (1214-CAMTRH) - Drivaksel,1633427524,TRUE,DK10244,90,PCE,,54,2,583.2,,2680,2144
,,(HY-2174) -  (HY174RN) - Drivaksel,1633427525,TRUE,DK10247,90,PCE,,130,2,1404,,2800,2240
,,(HY-1150) -  (1214-SOLLH) - Drivaksel,1633427526,TRUE,DK10249,90,PCE,,43,2,464.4,,1990,1592
,,(PG-205A1) Drivaksel h?yre,1633427527,TRUE,DK10255,90,PCE,,49,2,529.2,,1500,1200
,,(PG-107) - Drivaksel venstre,1633427528,TRUE,DK10263,90,PCE,,46,2,496.8,,1890,1512
,,(PG-105A1) - Drivaksel venstre,1633427529,TRUE,DK10267,90,PCE,,46,2,496.8,,1650,1320
,,(AD-102A) - Drivaksel venstre,1633427530,TRUE,DK10268,90,PCE,,49,2,529.2,,2190,1752
,,(VW-246) - Drivaksel h?yre,1633427531,TRUE,DK10280,90,PCE,,96,2,1036.8,,2945,2356
,,(KA-218A) - Drivaksel h?yre,1633427532,TRUE,DK10282,90,PCE,,65,2,702,,2650,2120
,,AD-114A (AD-106A) (203057) - Drivaksel,1633427533,TRUE,DK10295,90,PCE,,54,2,583.2,,2200,1760
,,(AD-506) - Drivaksel,1633427534,TRUE,DK10296,90,PCE,,102,2,1101.6,,2890,2312
,,(AD-113A) - Drivaksel venstre,1633427535,TRUE,DK10300,90,PCE,,63,2,680.4,,2150,1720
,,(MI-130A) - Drivaksel venstre,1633427536,TRUE,DK10302,90,PCE,,42,2,453.6,,1699,1359.2
,,SB-205A -((SA112ARN))- Drivaksel,1633427537,TRUE,DK10306,90,PCE,,77,2,831.6,,2890,2312
,,(CT-212A) - Drivaksel h?yre,1633427538,TRUE,DK10308,90,PCE,,62,2,669.6,,1690,1352
,,(MI-296) - Drivaksel h?yre,1633427539,TRUE,DK10310,90,PCE,,84,2,907.2,,3325,2660
,,(RV-306A) - Drivaksel,1633427540,TRUE,DK10311,90,PCE,,83,2,896.4,,2990,2392
,,(CT-206A) - Drivaksel h?yre,1633427541,TRUE,DK10314,90,PCE,,50,2,540,,1499,1199.2
,,(CT-223) - Drivaksel h?yre,1633427542,TRUE,DK10316,90,PCE,,67,2,723.6,,2150,1720
,,(CT-107) - Drivaksel venstre,1633427543,TRUE,DK10318,90,PCE,,36,2,388.8,,1138,910.4
,,(CT-128) - Drivaksel venstre,1633427544,TRUE,DK10323,90,PCE,,87,2,939.6,,2900,2320
,,(CT-207) - Drivaksel h?yre,1633427545,TRUE,DK10328,90,PCE,,38,2,410.4,,1250,1000
,,(CT-270) - Drivaksel h?yre,1633427546,TRUE,DK10330,90,PCE,,93,2,1004.4,,2350,1880
,," Drivaksel Bmw, Framaksel venstre",1633427547,TRUE,DK10334,90,PCE,0,75,2,810,,4790,3832
,,(BM-205) Drivaksel foran h?yre,1633427548,TRUE,DK10335,90,PCE,15200000,63,2,680.4,,1900,1520
,,BM-1225 (BM225L) - Drivaksel,1633427549,TRUE,DK10341,90,PCE,,114,2,1231.2,,3299,2639.2
,,"Shaftec-(BM225R), GSP-(205134), ED-(BM-508)- Drivaksel",1633427550,TRUE,DK10344,90,PCE,,81,2,874.8,,3299,2639.2
,,(BM-102) - Drivaksel venstre,1633427551,TRUE,DK10345,90,PCE,,50,2,540,,1990,1592
,,(BM-107A) - Drivaksel,1633427552,TRUE,DK10348,90,PCE,,58,2,626.4,,2229,1783.2
,,(BM-302A ( BM-116A )- Drivaksel,1633427553,TRUE,DK10350,90,PCE,,74,2,799.2,,2290,1832
,,BM-504 -(BM-505) - Drivaksel,1633427554,TRUE,DK10355,90,PCE,,77,2,831.6,,4790,3832
,,(RN-104A1) - Drivaksel,1633427555,TRUE,DK10363,90,PCE,,40,2,432,,1200,960
,,(RN-101A) - Drivaksel,1633427556,TRUE,DK10366,90,PCE,,51,2,550.8,,1800,1440
,,RN-237A (rn-211a) - Drivaksel,1633427557,TRUE,DK10368,90,PCE,,63,2,680.4,,2299,1839.2
,,(RN-232) - Drivaksel,1633427558,TRUE,DK10369,90,PCE,,58,2,626.4,,2100,1680
,,(RN-224) - Drivaksel h?yre,1633427559,TRUE,DK10371,90,PCE,,72,2,777.6,,2190,1752
,,(RN-110A1) - Drivaksel venstre,1633427560,TRUE,DK10383,90,PCE,,45,2,486,,1380,1104
,,(RN-139) - Drivaksel venstre,1633427561,TRUE,DK10388,90,PCE,,75,2,810,,2980,2384
,,(VW-241) - Drivaksel venstre,1633427562,TRUE,DK10391,90,PCE,,75,2,810,,2925,2340
,,(OP-111) - Drivaksel venstre,1633427563,TRUE,DK10395,90,PCE,,46,2,496.8,,1890,1512
,,(SA-601A) - Drivaksel,1633427564,TRUE,DK10396,90,PCE,,75,2,810,,2732,2185.6
,,(BM-604) - Drivaksel,1633427565,TRUE,DK10397,90,PCE,,110,2,1188,,3590,2872
,,(FD-175)-Drivaksel framaksel venstre,1633427566,TRUE,DK10405,90,PCE,27840000,82,2,885.6,,3480,2784
,,( FD-173A ) - Drivaksel venstre,1633427567,TRUE,DK10407,90,PCE,23200000,67,2,723.6,,2900,2320
,,(VW-281) - Drivaksel h?yre,1633427568,TRUE,DK10408,90,PCE,,84,2,907.2,,2750,2200
,,(MB-203A) - Drivaksel h?yre,1633427569,TRUE,DK10410,90,PCE,,68,2,734.4,,2922,2337.6
,,(CT-278) - Drivaksel h?yre,1633427570,TRUE,DK10411,90,PCE,,62,2,669.6,,2250,1800
,,(OP-209A) - Drivaksel h?yre,1633427571,TRUE,DK10412,90,PCE,,44,2,475.2,,1850,1480
,,PG-207 - Drivaksel saknar p? hemsida,1633427572,TRUE,DK10413,90,PCE,,49,2,529.2,,,
,,(CT-237) - Drivaksel h?yre,1633427573,TRUE,DK10414,90,PCE,,58,2,626.4,,1890,1512
,,(TO-120A) - Drivaksel venstre,1633427574,TRUE,DK10415,90,PCE,,91,2,982.8,,2640,2112
,,(AD-115A) - Drivaksel venstre,1633427575,TRUE,DK10416,90,PCE,,50,2,540,,1990,1592
,,"(TO-158) - Drivaksel, framaksel venstre",1633427576,TRUE,DK10417,90,PCE,25000000,63,2,680.4,,3125,2500
,,(FD-295) - Drivaksel h?yre,1633427577,TRUE,DK10418,90,PCE,26880000,88,2,950.4,,3360,2688
,,Psvw02,1633427578,TRUE,DK10419,90,PCE,,294,2,3175.2,,5999,4799.2
,,PSVW01,1633427579,TRUE,DK10420,90,PCE,,249,2,2689.2,,5999,4799.2
,,PSBM03,1633427580,TRUE,DK10425,90,PCE,,102,2,1101.6,,4250,3400
,,PSMB03,1633427581,TRUE,DK10426,90,PCE,,301,2,3250.8,,7500,6000
,,KD-PSHO02,1633427582,TRUE,DK10432,90,PCE,,225,2,2430,,7890,6312
,,(HO-257) - Drivaksel h?yre,1633427583,TRUE,DK10435,90,PCE,24000000,74,1,799.2,,3000,2400
,,(GSp- 201130) Drivaksel bak,1633427584,TRUE,DK10436,90,PCE,21264000,35,1,378,,2658,2126.4
,,(VO-211A) - Drivaksel h?yre,1633427585,TRUE,DK10439,90,PCE,19920000,65,1,702,,2490,1992
,,(VO-132) - Drivaksel venstre,1633427586,TRUE,DK10444,90,PCE,26000000,124,1,1339.2,,3250,2600
,,"(FD-276) - Drivaksel, Ford, Framaksel h?yre ",1633427587,TRUE,DK10445,90,PCE,29520000,153,1,1652.4,,3690,2952
,,"(TO-3322) - Drivaksel, ytre drivledd, ",1633427588,TRUE,DK10448,90,PCE,22080000,48,1,518.4,,2760,2208
,,"(FD-256) - Drivaksel, Ford, h?yre ",1633427589,TRUE,DK10453,90,PCE,18000000,46,1,496.8,,2250,1800
,,"(FD-188)- Drivaksel, Ford, Framaksel venstre",1633427590,TRUE,DK10458,90,PCE,22400000,75,1,810,,2800,2240
,,MB-1005 -(ME178LN)- Drivaksel,1633427591,TRUE,DK10459,90,PCE,,145,1,1566,,4790,3832
,,(MB-104) Drivaksel,1633427592,TRUE,DK10463,90,PCE,,84,1,907.2,,4999,3999.2
,,(MB-135A) Drivaksel venstre,1633427593,TRUE,DK10467,90,PCE,,140,1,1512,,4500,3600
,,(MB-3182) - (ME182LR) - Drivaksel,1633427594,TRUE,DK10474,90,PCE,,203,1,2192.4,,5250,4200
,,(MB-2500) - (1614-221FRH) -Drivaksel,1633427595,TRUE,DK10482,90,PCE,,192,1,2073.6,,6500,5200
,,MB-1500 -(1614-221FLH)- Drivaksel venstre,1633427596,TRUE,DK10483,90,PCE,,192,1,2073.6,,6250,5000
,,(MB-234A) Drivaksel h?yre,1633427597,TRUE,DK10484,90,PCE,,114,1,1231.2,,4250,3400
,,(MB-1919)  -(ME177L)- Drivaksel,1633427598,TRUE,DK10485,90,PCE,,140,1,1512,,4820,3856
,,(MB-103A) Drivaksel venstre,1633427599,TRUE,DK10486,90,PCE,,74,1,799.2,,2950,2360
,,(VO-3248) - (VO212LR),1633427600,TRUE,DK10490,90,PCE,,120,1,1296,,2800,2240
,,(VO-512) - Drivaksel,1633427601,TRUE,DK10491,90,PCE,,75,1,810,,3999,3199.2
,,(VO-104A) - Drivaksel venstre,1633427602,TRUE,DK10502,90,PCE,,66,1,712.8,,1999,1599.2
,,(VO-219A) - Drivaksel h?yre,1633427603,TRUE,DK10507,90,PCE,,96,1,1036.8,,2980,2384
,,(VO-220A) -  (vo-221A) - Drivaksel,1633427604,TRUE,DK10508,90,PCE,,106,1,1144.8,,2860,2288
,,(VO-137A) - Drivaksel venstre,1633427605,TRUE,DK10510,90,PCE,,110,1,1188,,2990,2392
,,(TO-148) - Drivaksel venstre,1633427606,TRUE,DK10513,90,PCE,,90,1,972,,2790,2232
,,(TO-3345) - (0114-KUN26)- Drivaksel,1633427607,TRUE,Dk10522,90,PCE,,122,1,1317.6,,2990,2392
,,(TO-131A)  -(TO-8-818)- Drivaksel,1633427608,TRUE,DK10523,90,PCE,,91,1,982.8,,2640,2112
,,(TO-3965) -(0114-074)- Drivaksel,1633427609,TRUE,DK10525,90,PCE,,57,1,615.6,,2560,2048
,,(TO-244A) - Drivaksel h?yre,1633427610,TRUE,DK10526,90,PCE,,66,1,712.8,,3300,2640
,,(TO-1010) -  (TO181L)- Drivaksel,1633427611,TRUE,DK10527,90,PCE,,100,1,1080,,3450,2760
,,(TO-162A) - (TO158LN)- Drivaksel,1633427612,TRUE,DK10531,90,PCE,,77,1,831.6,,3499,2799.2
,,(TO-1984)  - (0114-ACV30A48)- Drivaksel,1633427613,TRUE,DK10532,90,PCE,,55,1,594,,1990,1592
,,(VO-119A) - Drivaksel venstre,1633427614,TRUE,DK10533,90,PCE,,102,1,1101.6,,2700,2160
,,(VO-127A ) - Drivaksel venstre,1633427615,TRUE,DK10534,90,PCE,,125,1,1350,,3499,2799.2
,,(VO-522) - Drivaksel,1633427616,TRUE,DK10535,90,PCE,,99,1,1069.2,,2550,2040
,,(VO-140A) - Drivaksel,1633427617,TRUE,DK10539,90,PCE,,69,1,745.2,,2490,1992
,,(FD-248)- ( FD-233)- ((299042))-Drivaksel,1633427618,TRUE,DK10542,90,PCE,,54,1,583.2,,2535,2028
,,(FD-267A) - Drivaksel h?yre,1633427619,TRUE,DK10548,90,PCE,,81,1,874.8,,2890,2312
,,(FD-158) - Drivaksel venstre,1633427620,TRUE,DK10552,90,PCE,,50,1,540,,2200,1760
,,(FD-1630) - (FO221LN)- Drivaksel,1633427621,TRUE,DK10553,90,PCE,,105,1,1134,,2650,2120
,,(FD-179) - Drivaksel venstre,1633427622,TRUE,DK10555,90,PCE,,78,1,842.4,,2690,2152
,,(VO-133) - Drivaksel venstre,1633427623,TRUE,DK10556,90,PCE,,111,1,1198.8,,3180,2544
,,(FD-2630)- (FO221RN)- Drivaksel,1633427624,TRUE,DK10558,90,PCE,,125,1,1350,,2700,2160
,,(VO-222A) - Drivaksel h?yre,1633427625,TRUE,DK10563,90,PCE,,77,1,831.6,,2800,2240
,,(VO-117A) - Drivaksel venstre,1633427626,TRUE,DK10564,90,PCE,,92,1,993.6,,2990,2392
,,(VO-131) - Drivaksel venstre,1633427627,TRUE,DK10569,90,PCE,,68,1,734.4,,2800,2240
,,(FD-171A) - Drivaksel venstre,1633427628,TRUE,DK10570,90,PCE,,88,1,950.4,,2350,1880
,,(FD-403) - Drivaksel,1633427629,TRUE,DK10571,90,PCE,,63,1,680.4,,2420,1936
,,(FD-218) - Drivaksel h?yre,1633427630,TRUE,DK10572,90,PCE,,45,1,486,,1900,1520
,,(FD-248) - ( FD-233) - ((299042)),1633427631,TRUE,DK10577,90,PCE,,54,1,583.2,,2535,2028
,,(FD-164) (FD-165)- Drivaksel venstre,1633427632,TRUE,DK10579,90,PCE,,62,1,669.6,,1650,1320
,,(FD-401) - Drivaksel,1633427633,TRUE,DK10584,90,PCE,,63,1,680.4,,2480,1984
,,(FD-259) - Drivaksel,1633427634,TRUE,DK10586,90,PCE,,55,1,594,,2350,1880
,,(FD-159)- Drivaksel venstre,1633427635,TRUE,DK10591,90,PCE,,55,1,594,,1399,1119.2
,,(FD-249A) - Drivaksel h?yre,1633427636,TRUE,DK10592,90,PCE,,61,1,658.8,,2250,1800
,,(FD-109A) - Drivaksel venstre,1633427637,TRUE,DK10593,90,PCE,,46,1,496.8,,1791,1432.8
,,(FD-227) - Drivaksel h?yre,1633427638,TRUE,DK10594,90,PCE,,63,1,680.4,,1600,1280
,,(HO-157)- Drivaksel venstre,1633427639,TRUE,DK10595,90,PCE,,71,1,766.8,,2800,2240
,,(HO-149) - Drivaksel venstre,1633427640,TRUE,DK10599,90,PCE,,63,1,680.4,,2390,1912
,,(HO-218A) - Drivaksel h?yre,1633427641,TRUE,DK10602,90,PCE,,56,1,604.8,,2700,2160
,,(HO-115A)- (HO-138A)- Drivaksel,1633427642,TRUE,DK10604,90,PCE,,50,1,540,,1950,1560
,,(HO-247) - Drivaksel h?yre,1633427643,TRUE,DK10605,90,PCE,,62,1,669.6,,2490,1992
,,(HO-258) - Drivaksel h?yre,1633427644,TRUE,DK10606,90,PCE,,74,1,799.2,,3250,2600
,,(SB-315A) - (SU137LR),1633427645,TRUE,DK10611,90,PCE,,67,1,723.6,,2433,1946.4
,,(NI-256A) - Drivaksel h?yre,1633427646,TRUE,DK10614,90,PCE,,62,1,669.6,,1750,1400
,,(NI-173A) - Drivaksel venstre,1633427647,TRUE,DK10627,90,PCE,,89,1,961.2,,2999,2399.2
,,(NI-104A1)- Drivaksel venstre,1633427648,TRUE,DK10629,90,PCE,,46,1,496.8,,1599,1279.2
,,(NI-133A) - Drivaksel venstre,1633427649,TRUE,DK10632,90,PCE,,46,1,496.8,,1450,1160
,,(NI-204A1) - Drivaksel h?yre,1633427650,TRUE,DK10634,90,PCE,,54,1,583.2,,1650,1320
,,(NI-262) - Drivaksel venstre,1633427651,TRUE,DK10636,90,PCE,,57,1,615.6,,1990,1592
,,(NI-168) - Drivaksel venstre,1633427652,TRUE,DK10638,90,PCE,,53,1,572.4,,2160,1728
,,(NI-162) - Drivaksel venstre,1633427653,TRUE,DK10646,90,PCE,,57,1,615.6,,1890,1512
,,(NI-169) - Drivaksel venstre,1633427654,TRUE,DK10656,90,PCE,,66,1,712.8,,2280,1824
,,(VW-255)- Drivaksel h?yre,1633427655,TRUE,DK10659,90,PCE,19200000,49,1,529.2,,2400,1920
,,(VW-245) drivaksel h?yre,1633427656,TRUE,DK10661,90,PCE,20800000,66,1,712.8,,2600,2080
,,"(VW-304) - Drivaksel, Volkswagen, Bakaksel Venstre, Bakaksel",1633427657,TRUE,DK10662,90,PCE,13200000,42,1,453.6,,1650,1320
,,(VW-119) - Drivaksel venstre,1633427658,TRUE,DK10664,90,PCE,,59,1,637.2,,2450,1960
,,(VW-124A) - Drivaksel venstre,1633427659,TRUE,DK10665,90,PCE,,56,1,604.8,,1690,1352
,,(VW-409) -(SE179L)- Drivaksel,1633427660,TRUE,DK10666,90,PCE,,103,1,1112.4,,2890,2312
,,(VW-151) -(253003)- Drivaksel venstre,1633427661,TRUE,DK10667,90,PCE,,49,1,529.2,,1720,1376
,,(VW-153) - Drivaksel venstre,1633427662,TRUE,Dk10668,90,PCE,,52,1,561.6,,2190,1752
,,(VW-185) - Drivaksel venstre,1633427663,TRUE,DK10669,90,PCE,,63,1,680.4,,3499,2799.2
,,(VW-118) - (VW-113)- Drivaksel,1633427664,TRUE,DK10672,90,PCE,,50,1,540,,2072,1657.6
,,(VW-180) - Drivaksel venstre,1633427665,TRUE,DK10673,90,PCE,,46,1,496.8,,2390,1912
,,(VW-179) - Drivaksel venstre,1633427666,TRUE,DK10676,90,PCE,,63,1,680.4,,2770,2216
,,(VW-135) - Drivaksel venstre,1633427667,TRUE,DK10677,90,PCE,,41,1,442.8,,2125,1700
,,(VW-1223)- (VW223L)- Drivaksel,1633427668,TRUE,DK10678,90,PCE,,82,1,885.6,,2900,2320
,,(VW-309A) - Drivaksel,1633427669,TRUE,DK10691,90,PCE,,50,1,540,,2100,1680
,,(OP-112) - Drivaksel venstre,1633427670,TRUE,DK10695,90,PCE,,50,1,540,,1990,1592
,,(OP-223) - Drivaksel h?yre,1633427671,TRUE,DK10699,90,PCE,,66,1,712.8,,2499,1999.2
,,(OP-204A) - Drivaksel h?yre,1633427672,TRUE,DK10700,90,PCE,,44,1,475.2,,1450,1160
,,(OP-126A) - Drivaksel venstre,1633427673,TRUE,DK10703,90,PCE,,72,1,777.6,,1850,1480
,,(OP-216) - Drivaksel h?yre,1633427674,TRUE,DK10708,90,PCE,,57,1,615.6,,2299,1839.2
,,(OP-212) - Drivaksel h?yre,1633427675,TRUE,DK10709,90,PCE,,50,1,540,,1750,1400
,,(OP-224) - Drivaksel h?yre,1633427676,TRUE,DK10711,90,PCE,,62,1,669.6,,2390,1912
,,(OP-117A) - Drivaksel venstre,1633427677,TRUE,DK10719,90,PCE,,61,1,658.8,,2190,1752
,,(OP-103A) - Drivaksel venstre,1633427678,TRUE,DK10759,90,PCE,,49,1,529.2,,1780,1424
,,(OP-205A) - Drivaksel h?yre,1633427679,TRUE,DK10765,90,PCE,,45,1,486,,1450,1160
,,(OP-105A) - Drivaksel venstre,1633427680,TRUE,DK10771,90,PCE,,47,1,507.6,,1880,1504
,,(VW-227) - Drivaksel h?yre,1633427681,TRUE,DK10774,90,PCE,,81,1,874.8,,3125,2500
,,(VW-225A) - Drivaksel h?yre,1633427682,TRUE,DK10780,90,PCE,,50,1,540,,1450,1160
,,(VW-292) - Drivaksel h?yre,1633427683,TRUE,DK10788,90,PCE,,55,1,594,,2490,1992
,,(VW-253) - Drivaksel h?yre,1633427684,TRUE,DK10795,90,PCE,,52,1,561.6,,2350,1880
,,(VW-244A) - Drivaksel h?yre,1633427685,TRUE,DK10808,90,PCE,,52,1,561.6,,3199,2559.2
,,(VW-254) - Drivaksel h?yre,1633427686,TRUE,DK10815,90,PCE,,47,1,507.6,,2180,1744
,,(KA-192A) - Drivaksel Venstre,1633427687,TRUE,DK10816,90,PCE,29200000,77,1,831.6,,3650,2920
,,(CT-158) - Drivaksel venstre,1633427688,TRUE,DK10821,90,PCE,23200000,80,1,864,,2900,2320
,,(HY-1198) - (HY158LN)- Drivaksel,1633427689,TRUE,DK10822,90,PCE,,115,1,1242,,3599,2879.2
,,(HY-257A) - Drivaksel h?yre,1633427690,TRUE,DK10827,90,PCE,,88,1,950.4,,2760,2208
,,(HY-1169)- (1214-CAMTLH)- Drivaksel,1633427691,TRUE,DK10831,90,PCE,,54,1,583.2,,2100,1680
,,(HY-210A) - Drivaksel h?yre,1633427692,TRUE,DK10834,90,PCE,,73,1,788.4,,2390,1912
,,(HY-122A) - Drivaksel venstre,1633427693,TRUE,DK10835,90,PCE,,73,1,788.4,,2450,1960
,,(HY-125A) - Drivaksel venstre,1633427694,TRUE,DK10837,90,PCE,,74,1,799.2,,2590,2072
,,(PG-201A1) - Drivaksel h?yre,1633427695,TRUE,DK10857,90,PCE,,58,1,626.4,,1890,1512
,,(KA-110A) - Drivaksel venstre,1633427696,TRUE,DK10867,90,PCE,,86,1,928.8,,2650,2120
,,(SK-222A) - Drivaksel h?yre,1633427697,TRUE,DK10870,90,PCE,,62,1,669.6,,2890,2312
,,PG-1010 -( P182ALN ) - Drivaksel,1633427698,TRUE,DK10871,90,PCE,,78,1,842.4,,2280,1824
,,(PG-109A) - Drivaksel venstre,1633427699,TRUE,DK10880,90,PCE,,46,1,496.8,,1790,1432
,,(SB-107A) - Drivaksel venstre,1633427700,TRUE,DK10881,90,PCE,,50,1,540,,1699,1359.2
,,(PG-209A) - Drivaksel h?yre,1633427701,TRUE,DK10882,90,PCE,,48,1,518.4,,1700,1360
,,(AD-282A) - Drivaksel h?yre,1633427702,TRUE,DK10883,90,PCE,,72,1,777.6,,3300,2640
,,(AD-202A) - Drivaksel h?yre,1633427703,TRUE,DK10884,90,PCE,,49,1,529.2,,2190,1752
,,(AD-326) - Drivaksel,1633427704,TRUE,DK10885,90,PCE,,85,1,918,,3356,2684.8
,,(AD-111A) - Drivaksel ventre,1633427705,TRUE,DK10886,90,PCE,,50,1,540,,1790,1432
,,(MI-142A) - Drivaksel venstre,1633427706,TRUE,DK10887,90,PCE,25768000,81,1,874.8,,3221,2576.8
,,(AD-109A) - Drivaksel venstre,1633427707,TRUE,DK10889,90,PCE,,50,1,540,,1480,1184
,,(AD-318) - Drivaksel,1633427708,TRUE,DK10893,90,PCE,,58,1,626.4,,2800,2240
,,AD-1354 (AU354L),1633427709,TRUE,DK10894,90,PCE,,95,1,1026,,3100,2480
,,(AD-422) - Drivaksel,1633427710,TRUE,DK10896,90,PCE,,105,1,1134,,2980,2384
,,(AD-211A) - Drivaksel h?yre,1633427711,TRUE,DK10897,90,PCE,,52,1,561.6,,1840,1472
,,(MI-140) - Drivaksel venstre,1633427712,TRUE,DK10901,90,PCE,,71,1,766.8,,2990,2392
,,(MI-240) - Drivaksel h?yre,1633427713,TRUE,DK10903,90,PCE,,68,1,734.4,,2980,2384
,,MI-1198 (MI198L),1633427714,TRUE,DK10912,90,PCE,,156,1,1684.8,,4830,3864
,,(SK-214A) - Drivaksel h?yre,1633427715,TRUE,DK10914,90,PCE,,62,1,669.6,,2390,1912
,,(RV-301A) - Drivaksel,1633427716,TRUE,DK10916,90,PCE,,47,1,507.6,,1966,1572.8
,,(MZ-271A) - Drivaksel h?yre,1633427717,TRUE,DK10917,90,PCE,,81,1,874.8,,2876,2300.8
,,(MI-287A) - Drivaksl h?yre,1633427718,TRUE,DK10920,90,PCE,,83,1,896.4,,2820,2256
,,(RV-140A) - Drivaksel venstre,1633427719,TRUE,DK10921,90,PCE,,82,1,885.6,,2790,2232
,,(MZ-128A) Drivaksel venstre,1633427720,TRUE,DK10929,90,PCE,,92,1,993.6,,3690,2952
,,(FI-502) - Drivaksel,1633427721,TRUE,DK10930,90,PCE,,50,1,540,,1980,1584
,,MI-1159 -(MI159LN) - Drivaksel,1633427722,TRUE,DK10932,90,PCE,,99,1,1069.2,,2999,2399.2
,,(RV-302A) - Drivaksel,1633427723,TRUE,DK10933,90,PCE,,53,1,572.4,,2890,2312
,,(MZ-117) - Drivaksel venstre,1633427724,TRUE,DK10935,90,PCE,,66,1,712.8,,2350,1880
,,(MZ-105A) - Drivaksel venstre,1633427725,TRUE,DK10940,90,PCE,,55,1,594,,2260,1808
,,(MZ-217) - Drivaksel h?yre,1633427726,TRUE,DK10943,90,PCE,,62,1,669.6,,2510,2008
,,SZ-2645 (SZ134RN) - Drivaksel,1633427727,TRUE,DK10944,90,PCE,,94,1,1015.2,,3190,2552
,,(FI-215) - Drivaksel,1633427728,TRUE,DK10947,90,PCE,,65,1,702,,2200,1760
,,(FI-401) - Drivaksel,1633427729,TRUE,DK10948,90,PCE,,75,1,810,,2999,2399.2
,,(SK-207A) - Drivaksel,1633427730,TRUE,DK10949,90,PCE,,72,1,777.6,,2890,2312
,,(RV-238A) - Drivaksel h?yre,1633427731,TRUE,DK10950,90,PCE,,143,1,1544.4,,3890,3112
,,(MI-501A) - Drivaksel,1633427732,TRUE,DK10951,90,PCE,,136,1,1468.8,,2980,2384
,,(RV-236A) - Drivaksel h?yre,1633427733,TRUE,DK10952,90,PCE,,106,1,1144.8,,3200,2560
,,(FI-508) - Drivaksel,1633427734,TRUE,DK10954,90,PCE,,83,1,896.4,,2490,1992
,,(JG-102A) - Drivaksel venstre,1633427735,TRUE,DK10955,90,PCE,,61,1,658.8,,2500,2000
,,(KI-2235) - (KI192R)-  Drivaksel h?yre,1633427736,TRUE,DK10956,90,PCE,28000000,103,1,1112.4,,3500,2800
,,(MZ-151A) - Drivaksel venstre,1633427737,TRUE,DK10957,90,PCE,,62,1,669.6,,2450,1960
,,(RV-103A) - Drivaksel venstre,1633427738,TRUE,DK10958,90,PCE,,49,1,529.2,,2100,1680
,,MI-2198 (MI198R) - Drivaksel,1633427739,TRUE,DK10959,90,PCE,,128,1,1382.4,,3800,3040
,,(MI-230A) - Drivaksel,1633427740,TRUE,DK10960,90,PCE,,74,1,799.2,,2263,1810.4
,,KA-118A (KA-119A) - Drivaksel,1633427741,TRUE,DK10964,90,PCE,,63,1,680.4,,2500,2000
,,(CT-109A) - Drivaksel venstre,1633427742,TRUE,DK10968,90,PCE,,62,1,669.6,,2100,1680
,,(CT-105A) - Drivaksel venstre,1633427743,TRUE,DK10970,90,PCE,,50,1,540,,1650,1320
,,(CT-124A) - Drivaksel,1633427744,TRUE,DK10972,90,PCE,,49,1,529.2,,1600,1280
,,(CT-227) - Drivaksel h?yre,1633427745,TRUE,DK10976,90,PCE,,68,1,734.4,,2760,2208
,,(CT-119) - Drivaksel,1633427746,TRUE,DK10979,90,PCE,,66,1,712.8,,2150,1720
,,(CT-123) - Drivaksel venstre,1633427747,TRUE,DK10985,90,PCE,,65,1,702,,1980,1584
,,(CT-218A) - Drivaksel h?yre,1633427748,TRUE,DK10987,90,PCE,,72,1,777.6,,2300,1840
,,(CT-122) - Drivaksel venstre,1633427749,TRUE,DK10988,90,PCE,,43,1,464.4,,1590,1272
,,(CT-127) - Drivaksel,1633427750,TRUE,DK10989,90,PCE,,58,1,626.4,,2599,2079.2
,,(CT-118A) - Drivaksel venstre,1633427751,TRUE,DK10990,90,PCE,,78,1,842.4,,2150,1720
,,(CT-160) - Drivaksel venstre,1633427752,TRUE,DK10991,90,PCE,,71,1,766.8,,2600,2080
,,(CT-226) - Drivaksel h?yre,1633427753,TRUE,DK10992,90,PCE,,55,1,594,,2250,1800
,,(CT-117A) - Drivaksel venstre,1633427754,TRUE,DK10999,90,PCE,,42,1,453.6,,1650,1320
,,CT-409 -(C273L)- Drivaksel,1633427755,TRUE,DK11001,90,PCE,,55,1,594,,2980,2384
,,(CT-211A) - Drivaksel h?yre,1633427756,TRUE,DK11002,90,PCE,,60,1,648,,1500,1200
,,(BM-124A)  _drivaksel bak venstre,1633427757,TRUE,DK11003,90,PCE,21440000,89,1,961.2,,2680,2144
,,(BM-121) - Drivaksel,1633427758,TRUE,DK11004,90,PCE,,100,1,1080,,3290,2632
,,BM-2260 - (BM260R)- Drivaksel,1633427759,TRUE,DK11005,90,PCE,,129,1,1393.2,,3300,2640
,,BM-1206 (BM260L)- Drivaksel,1633427760,TRUE,DK11007,90,PCE,,129,1,1393.2,,3200,2560
,,(BM-306) - Drivaksel,1633427761,TRUE,DK11010,90,PCE,,61,1,658.8,,2690,2152
,,(BM-211) - Drivaksel venstre,1633427762,TRUE,DK11011,90,PCE,,100,1,1080,,2360,1888
,,(BM-210A) - Drivaksel h?yre,1633427763,TRUE,DK12001,90,PCE,,58,1,626.4,,2500,2000
,,(BM-350) - Drivaksel,1633427764,TRUE,DR10013,90,PCE,,69,1,745.2,,1650,1320
,,BM-1222 (BM222L),1633427765,TRUE,DR10026,90,PCE,,114,1,1231.2,,2780,2224
,,(BM-207A) - Drivaksel h?yre,1633427766,TRUE,DR10027,90,PCE,,93,1,1004.4,,2210,1768
,,(BM-397) - Drivaksel,1633427767,TRUE,DR10046,90,PCE,,45,1,486,,2300,1840
,,(RN-208) Drivaksel h?yre,1633427768,TRUE,DR10050,90,PCE,19920000,60,1,648,,2490,1992
,,(RN-141) - Drivaksel,1633427769,TRUE,DR10055,90,PCE,,69,1,745.2,,2390,1912
,,(RN-241) - Drivaksel,1633427770,TRUE,DR10073,90,PCE,,62,1,669.6,,3150,2520
,,(RN-122) - Drivaksel,1633427771,TRUE,DR10077,90,PCE,,46,1,496.8,,2300,1840
,,(RN-204A1) - Drivaksel,1633427772,TRUE,DR10078,90,PCE,,45,1,486,,1450,1160
,,(RN-212A) - Drivaksel,1633427773,TRUE,DR10092,90,PCE,,50,1,540,,1850,1480
,,(RN-124) - Drivaksel venstre,1633427774,TRUE,DR10099,90,PCE,,60,1,648,,1990,1592
,,(RN-133) - Drivaksel venstre,1633427775,TRUE,DR10100,90,PCE,,62,1,669.6,,1890,1512
,,(RN-238) - Drivaksel h?yre,1633427776,TRUE,DR10108,90,PCE,,68,1,734.4,,2250,1800
,,(RN-104A) - Drivaksel venstre,1633427777,TRUE,DR10116,90,PCE,,37,1,399.6,,1200,960
,,(RN-240) - Drivaksel h?yre,1633427778,TRUE,DR10134,90,PCE,,65,1,702,,2790,2232
,,(RN-140) - Drivaksel venstre,1633427779,TRUE,DR10140,90,PCE,,58,1,626.4,,2480,1984
,,RN-DR1-16110 - Drivaksel,1633427780,TRUE,DR10143,90,PCE,,40,1,432,,1790,1432
,,(FD-273A ) - Drivaksel h?yre,1633427781,TRUE,DR10146,90,PCE,26000000,71,1,766.8,,3250,2600
,,(NI-199) Drivaksel venstre,1633427782,TRUE,DR10168,90,PCE,23992000,78,1,842.4,,2999,2399.2
,,(BM-219) - Drivaksel h?yre,1633427783,TRUE,DR10190,90,PCE,,91,1,982.8,,3800,3040
,,BM-M3246 - Drivaksel,1633427784,TRUE,DR10192,90,PCE,,120,1,1296,,3720,2976
,,MB-416 - Drivaksel,1633427785,TRUE,DR10196,90,PCE,,60,1,648,,,
,,(PG-223) - Drivaksel h?yre,1633427786,TRUE,DR10198,90,PCE,,60,1,648,,1890,1512
,,(TO-321) - Drivaksel,1633427787,TRUE,DR10202,90,PCE,,87,1,939.6,,3550,2840
,,(FD-264) - Drivaksel h?yre,1633427788,TRUE,DR10203,90,PCE,,70,1,756,,1550,1240
,,(AD-328) - Drivaksel,1633427789,TRUE,DR10220,90,PCE,,85,1,918,,3740,2992
,,AD-315 Drivaksel,1633427790,TRUE,DR10227,90,PCE,,50,1,540,,,
,,Drivaksel,1633427791,TRUE,DR10246,90,PCE,,70,1,756,,,
,,Drivaksel,1633427792,TRUE,DR10255,90,PCE,,70,1,756,,,
,,BM-110A - Drivaksel,1633427793,TRUE,DR10256,90,PCE,,66,1,712.8,,2500,2000
,,"(1612-221) -(MB-ST-105) Stikkaksel, indre drivaksel",1633427794,TRUE,DR10260,90,PCE,19120000,72,1,777.6,,2390,1912
,,(CT-206A1) - Drivaksel h?yre,1633427795,TRUE,DR10266,90,PCE,,52,1,561.6,,1499,1199.2
,,KD-AD-003 -(AUDI/7A),1633427796,TRUE,DR10268,90,PCE,,319,1,3445.2,,9450,7560
,,KD-D28147,1633427797,TRUE,DR10271,90,PCE,,279,1,3013.2,,12500,10000
,,KD-W1705406,1633427798,TRUE,DR10278,90,PCE,,416,1,4492.8,,10900,8720
,,KD-PSMB03-06 -(HCMV221P)-,1633427799,TRUE,DR10280,90,PCE,,301,1,3250.8,,7500,6000
,,W9069906,1633427800,TRUE,DR10293,90,PCE,,425,1,4590,,9800,7840
,,KA-AD-0550 - saknar p? hemsida,1633427801,TRUE,DR10306,90,PCE,,319,1,3445.2,,,
,,37140-3507,1633427802,TRUE,DR10311,90,PCE,,219,1,2365.2,,,
,,KD-NI-00545-06,1633427803,TRUE,DR10317,90,PCE,,243,1,2624.4,,7840,6272
,,KD-NS81012,1633427804,TRUE,DR10319,90,PCE,,43,1,464.4,,2800,2240
,,NS81010,1633427805,TRUE,DR10322,90,PCE,,43,1,464.4,,2800,2240
,,PSMB09,1633427806,TRUE,DR10326,90,PCE,,301,1,3250.8,,7500,6000
,,KD-TO-2525,1633427807,TRUE,DR10331,90,PCE,,215,1,2322,,,
,,KD-PSMB018-06,1633427808,TRUE,DR10346,90,PCE,,301,1,3250.8,,8900,7120
,,KD-MB-7375,1633427809,TRUE,DR10347,90,PCE,,195,1,2106,,6100,4880
,,KD-NI-00545 (NISSAN-AS/10),1633427810,TRUE,DR10353,90,PCE,,421,1,4546.8,,9800,7840
,,KD-315155-org W9065606,1633427811,TRUE,DR10359,90,PCE,,445,1,4806,,11800,9440
,,W9061416,1633427812,TRUE,DR10361,90,PCE,,425,1,4590,,12500,10000
,,MB-AMS/3,1633427813,TRUE,DR10366,90,PCE,,340,1,3672,,8900,7120
,,KD-G21801-org,1633427814,TRUE,DR10370,90,PCE,,525,1,5670,,11500,9200
,,KD-PSHY01,1633427815,TRUE,DR10371,90,PCE,,227,1,2451.6,,6500,5200
,,KD-NI-8068  -(NISSAN-AS/1A)-,1633427816,TRUE,DR10374,90,PCE,,325,1,3510,,7800,6240
,,SPRINTER-2P/8,1633427817,TRUE,DR10376,90,PCE,,429,1,4633.2,,12500,10000
,,G21804,1633427818,TRUE,DR10378,90,PCE,,425,1,4590,,,
,,(OJ-VO-5875) Drivledd,1633427819,TRUE,DR10389,90,PCE,15840000,62,0,669.6,,1980,1584
,,0482-V75R - MR418068 Lager,1633427820,TRUE,DR10402,90,PCE,8800000,34,0,367.2,,,
,,(CB-VW-003-L) Mellomaksel lager,1633427821,TRUE,DR10403,90,PCE,13520000,64,1,691.2,,1690,1352
,,"(ASVL-XC90) - Ledd, Mellomaksel kryss",1633427822,TRUE,DR10423,90,PCE,0,32,1,345.6,,1380,1104
,,"(1410-REXIIPTA40) - Ytre drivknute, drivledd, leddsett, hjulside, fra",1633427823,TRUE,DR10427,90,PCE,0,53,2,572.4,,1890,1512
,,"Reparationssats, bromsok bak",1633427824,TRUE,DR10429,90,PCE,0,0,0,0,,,
,,(CB-MB-211)- (BZCB-211) Mellomaksel lager,1633427825,TRUE,DR10432,90,PCE,7992000,21,1,226.8,,999,799.2
,,(CB-VW-350) - Mellomaksel lager,1633427826,TRUE,DR10434,90,PCE,13520000,20,4,216,,1790,1432
,,(KD-PSMB13) - Mellomaksel,1633427827,TRUE,DR10451,90,PCE,52000000,301,0,3250.8,,8500,6800
,,"(BM-202) - Drivaksel, BMW Framaksel, h?yre",1633427828,TRUE,DR10452,90,PCE,0,59,0,637.2,,2450,1960
,,(MK-IV-002) - Mellomaksel kryss,1633427829,TRUE,DR10453,90,PCE,6400000,21,3,226.8,,1120,896
,,"Fett, grease, Drivknute, Drivledd, Universal",1633427830,TRUE,DR10454,90,PCE,232000,0,0,0,,29,23.2
,,(OJ-RN-1984) - Drivledd,1633427831,TRUE,DR10456,90,PCE,9600000,33,1,356.4,,1200,960
,,(OJ-TO-0244) - Drivledd,1633427832,TRUE,DR10457,90,PCE,7640000,19,3,205.2,,955,764
,,(CBMB01 ) - Mellomaksel lager,1633427833,TRUE,DR10458,90,PCE,6320000,9,4,97.2,,790,632
,,"(BKUV03) - Drivakselmansjett, drivleddmansjett,",1633427834,TRUE,DR10460,90,PCE,1040000,3,70,32.4,,130,104
,,(KD-PSMB014) - Mellomaksel,1633427835,TRUE,DR10463,90,PCE,48000000,302,0,3261.6,,10399,8319.2
,,(CB-TO-004) - Mellomaksel lager,1633427836,TRUE,DR10464,90,PCE,9520000,13,7,140.4,,1190,952
,,(VO-236XP) Drivaksel h?yre,1633427837,TRUE,DR10466,90,PCE,27920000,169,0,1825.2,,3490,2792
,,(CB-IV-565) -(BMCB91) Mellomaksel lager,1633427838,TRUE,DR10467,90,PCE,11600000,0,0,0,,1450,1160
,,"(EDBKS01) - Mansjett, drivakselmansjett med 10 ?rs garanti",1633427839,TRUE,DR10468,90,PCE,2000000,6,0,64.8,,250,200
,,(OJ-VA-1986) Drivledd,1633427840,TRUE,DR10469,90,PCE,8640000,25,1,270,,1080,864
,,(OJ-CT-1427) - Drivledd,1633427841,TRUE,DR10471,90,PCE,7544000,16,2,172.8,,943,754.4
,,"(MK-RN-40120) - Mellomakselkryss, kryss, ledd, til mellomaksel Re",1633427842,TRUE,DR10472,90,PCE,5328000,6,5,64.8,,666,532.8
,,(CBAD01) - Mellomaksel lager,1633427843,TRUE,DR10474,90,PCE,15360000,44,0,475.2,,1920,1536
,,Frakt,1633427844,TRUE,DR10475,90,PCE,0,0,0,0,,,
,,(MK-MB-0906) - Mellomakselkryss ASBZ-906,1633427845,TRUE,DR10475,90,PCE,6304000,8,3,86.4,,788,630.4
,,"(MK-MB-4600) -  Ledd, Mellomaksel kryss",1633427846,TRUE,DR10476,90,PCE,9752000,32,0,345.6,,1219,975.2
,,Returpakke,1633427847,TRUE,DR10477,90,PCE,1880000,0,0,0,,,
,,(BM-221) - Drivaksel h?yre,1633427848,TRUE,DR10478,90,PCE,27920000,100,0,1080,,3490,2792
,,(TCB-003) - (CB-TO-02) - Mellomaksel lager,1633427849,TRUE,DR10479,90,PCE,8960000,8,3,86.4,,1120,896
,,Drivlinje vinst,1633427850,TRUE,DR10480,90,PCE,0,0,0,0,,,
,,(Vw-250) - Drivaksel h?yre,1633427851,TRUE,DR10481,90,PCE,17200000,49,0,529.2,,2150,1720
,,TESTPRODUKT anto,1633427852,TRUE,DR10482,90,PCE,1800000,0,0,0,,,
,,(KCB-SOR) - (CB-HY-6000 ) - Mellomaksellager,1633427853,TRUE,DR10484,90,PCE,10320000,26,2,280.8,,1290,1032
,,(BM-502A)- Drivaksel bak h?yre,1633427854,TRUE,DR10487,90,PCE,22880000,78,0,842.4,,2860,2288
,,"(MK-IV-002) - Ledd, Mellomaksel",1633427855,TRUE,DR10489,90,PCE,8960000,0,0,0,,1120,896
,,"(MANBKU) - Drivakselmansjett, drivleddmansjett, drivknutemans",1633427856,TRUE,DR10491,90,PCE,7992000,0,0,0,,999,799.2
,,(HYCB-001) - (CB-HY-02) - Mellomaksel lager,1633427857,TRUE,DR10493,90,PCE,7992000,10,6,108,,999,799.2
,,"(S02) - Indre drivledd Drivaksling, drivaksel stikkaksel ",1633427858,TRUE,DR10498,90,PCE,0,24,2,259.2,,850,680
,,"(BM-105) - Drivaksel, Bmw, Framaksel venstre ",1633427859,TRUE,DR10499,90,PCE,0,62,0,669.6,,1800,1440
,,(OJ-VO-1671) - Drivknute,1633427860,TRUE,DR10500,90,PCE,7192000,24,5,259.2,,899,719.2
,,"(MANEDS) -Drivakselmansjett, mansjett, belg, drivknutemansj",1633427861,TRUE,DR10501,90,PCE,15200000,0,0,0,,1900,1520
,,(HO-241A) - Drivaksel h?yre,1633427862,TRUE,DR10502,90,PCE,22400000,63,0,680.4,,2800,2240
,,"(BM300) -(MK-NI-300) - Ledd, Mellomaksel kryss",1633427863,TRUE,DR10505,90,PCE,5440000,6,3,64.8,,680,544
,,(OJ-BM-1953) Ledd,1633427864,TRUE,DR10507,90,PCE,8960000,25,2,270,,1120,896
,,(VO-232) - Drivaksel h?yre,1633427865,TRUE,DR10508,90,PCE,28000000,125,0,1350,,3500,2800
,,(TO-247A) - Drivaksel h?yre,1633427866,TRUE,DR10510,90,PCE,23120000,75,0,810,,2890,2312
,,"(MK-TO-2323) Ledd, Mellomaksel kryss",1633427867,TRUE,DR10517,90,PCE,4712000,4,2,43.2,,589,471.2
,,"ABS-givare fram, v?nster",1633427868,TRUE,DR10520,90,PCE,0,0,0,0,,,
,,(ASN-R51F) - (MK-NI-5151) mellomaksel kryss,1633427869,TRUE,DR10521,90,PCE,5520000,6,4,64.8,,690,552
,,(CT-219) - Drivaksel h?yre,1633427870,TRUE,DR10524,90,PCE,20960000,63,0,680.4,,2620,2096
,,"(OJ-VA-1450) -Ytre drivknute, drivledd, leddsett, hjulside",1633427871,TRUE,DR10529,90,PCE,5064000,18,3,194.4,,633,506.4
,,"Tillbeh?rssats, bromsbackar ",1633427872,TRUE,DR10532,90,PCE,0,0,0,0,,,
,,(Vo-120A) Drivaksel venstre,1633427873,TRUE,DR10533,90,PCE,20480000,104,0,1123.2,,2560,2048
,,(OJ-BM-1958) - Drivledd,1633427874,TRUE,DR10534,90,PCE,23920000,43,1,464.4,,2990,2392
,,Fakturagebyr,1633427875,TRUE,DR10537,50,PCE,392000,0,0,0,,,
,,(BM-299A) Drivaksel h?yre,1633427876,TRUE,DR10540,90,PCE,26320000,112,0,1209.6,,3290,2632
,,"(0410-CU20RA43) Ytre drivknute, drivledd, leddsett",1633427877,TRUE,DR10543,90,PCE,11192000,26,1,280.8,,1399,1119.2
,,(VW-323A) Drivaksel,1633427878,TRUE,DR10546,90,PCE,23920000,60,0,648,,2990,2392
,,(FD-187) - Drivaksel venstre,1633427879,TRUE,DR10553,90,PCE,22400000,71,0,766.8,,2800,2240
,,(CB-IV-003) - Mellomaksel lager,1633427880,TRUE,DR10555,90,PCE,11120000,29,4,313.2,,1390,1112
,,"(TCB-ACA30) - (CB-TO-11112) - Mellomaksel lager, ",1633427881,TRUE,DR10556,90,PCE,12400000,29,0,313.2,,1550,1240
,,(CB-VW-003-H)- Mellomaksellager,1633427882,TRUE,DR10557,90,PCE,13520000,64,4,691.2,,1690,1352
,,(NI-299) -Drivaksel framaksel h?yre,1633427883,TRUE,DR10559,90,PCE,23992000,87,0,939.6,,2999,2399.2
,,MOduler data till nettsiden,1633427884,TRUE,DR10560,60,PCE,129100000,0,0,0,,,
,,Bedriftspakke,1633427885,TRUE,DR10561,90,PCE,1880000,0,0,0,,,
,,"Klemmer til drivakselmansjett, mansjett, drivknut",1633427886,TRUE,DR10562,90,PCE,312000,0,0,0,,39,31.2
,,(OJ-TO-0269 ) - Drivledd,1633427887,TRUE,DR10563,90,PCE,7200000,24,1,259.2,,900,720
,,(ASBZ-209) - (MK-MB-0011) Mellomakselkryss,1633427888,TRUE,DR10566,90,PCE,9440000,19,5,205.2,,1180,944
,,P? D?ren Pakke,1633427889,TRUE,DR10568,90,PCE,1720000,0,0,0,,,
,,(CONE) - Enkel montering uten demontering av drivknuten,1633427890,TRUE,DR10570,90,PCE,1200000,2,13,21.6,,150,120
,,(AD-313A (AD-303A AD-288A9) - Drivaksel foran,1633427891,TRUE,DR10572,90,PCE,19200000,50,0,540,,2400,1920
,,(CJMB02) - Mellomaksel kryss,1633427892,TRUE,DR10574,90,PCE,5200000,7,0,75.6,,650,520
,,(CBMB11) - Mellomaksel lager,1633427893,TRUE,DR10580,90,PCE,11192000,39,2,421.2,,1399,1119.2
,,(VW-205A) - Drivaksel h?yre,1633427894,TRUE,DR10581,90,PCE,17504000,50,0,540,,2188,1750.4
,,(S01) - Stikkaksel,1633427895,TRUE,DR10582,90,PCE,6800000,39,0,421.2,,850,680
,,"(VO-111A) -Drivaksel, Volvo framaksel venstre",1633427896,TRUE,DR10583,90,PCE,19200000,56,0,604.8,,2400,1920
,,(OJ-RV-1608) - Drivledd,1633427897,TRUE,DR10591,90,PCE,12400000,31,1,334.8,,1550,1240
,,"(HY-292A)  - Drivaksel, framaksel h?yre",1633427898,TRUE,DR10593,90,PCE,23920000,107,0,1155.6,,2990,2392
,,(OJ-VA-1451) - Drivknute,1633427899,TRUE,DR10594,90,PCE,6872000,15,6,162,,859,687.2
,,"(BM-199A) - Drivaksel, Bmw, framaksel venstre",1633427900,TRUE,DR10598,90,PCE,0,112,0,1209.6,,3100,2480
,,(OJ-VA-1996) - Drivledd,1633427901,TRUE,DR10599,90,PCE,11600000,30,7,324,,1450,1160
,,"(BM-505) - Drivaksel Bmw, Framaksel h?yre",1633427902,TRUE,DR10603,90,PCE,0,77,0,831.6,,4990,3992
,,(OJ-VA-1792)- Drivledd,1633427903,TRUE,DR10605,90,PCE,5400000,15,4,162,,675,540
,,Stikkaksel,1633427904,TRUE,DR10612,90,PCE,23920000,0,0,0,,,
,,(BM547) - (MK-OP-2030) - Mellomaksel kryss,1633427905,TRUE,DR10615,90,PCE,10000000,0,0,0,,1250,1000
,,(0110-MCU10A48R) - (OJ-TO-7887) - Drivledd,1633427906,TRUE,DR10621,90,PCE,15840000,29,1,313.2,,1980,1584
,,"(ASH-52) - (MK-HO-5252) - Ledd, Mellomaksel kryss",1633427907,TRUE,DR10628,90,PCE,5888000,8,5,86.4,,736,588.8
,,Mellomaksel org Renu,1633427908,TRUE,DR10633,90,PCE,60000000,0,0,0,,,
,,(OJ-FD-1620) - Drivledd,1633427909,TRUE,DR10636,90,PCE,6000000,21,0,226.8,,,
,,(MI-242A)- Drivaksel h?yre,1633427910,TRUE,DR10637,90,PCE,26400000,77,0,831.6,,3300,2640
,,Ekspedisjonsavgift,1633427911,TRUE,DR10640,20,PCE,0,0,0,0,,,
,,(MB-AMS/3) - (KD-315185-06) - Mellomaksel,1633427912,TRUE,DR10641,90,PCE,71200000,340,0,3672,,8900,7120
,,(0410-CWRR) - (OJ-CT-1155) Drivknute,1633427913,TRUE,DR10649,90,PCE,12720000,38,2,410.4,,1590,1272
,,(VW-105A) - Drivaksel venstre,1633427914,TRUE,DR10691,90,PCE,14304000,50,0,540,,1788,1430.4
,,"(2110-FOCII20) - Ytre drivknute, drivledd, leddsett, hjulside",1633427915,TRUE,DR10694,90,PCE,9520000,16,1,172.8,,1190,952
,,(MB-602) - Drivaksel MB,1633427916,TRUE,DR10696,90,PCE,22400000,81,0,874.8,,2800,2240
,,(BZCB-209) -(CB-MB-196) - Mellomaksel lager,1633427917,TRUE,DR10698,90,PCE,12400000,29,0,313.2,,1550,1240
,,"(OJ-VA-1681) -Ytre drivknute, drivledd, leddsett, hjulside",1633427918,TRUE,DR10700,90,PCE,9824000,21,1,226.8,,1228,982.4
,,Servicepakke,1633427919,TRUE,DR10702,90,PCE,1352000,0,0,0,,,
,,"(HCB-001) -Mellomaksel lager, st?ttelager, opphengslager",1633427920,TRUE,DR10703,90,PCE,8792000,12,5,129.6,,1099,879.2
,,(VW-203) Drivaksel h?yre,1633427921,TRUE,DR10708,90,PCE,13520000,49,0,529.2,,,
,,(EDI6051) Indre drivledd,1633427922,TRUE,DR10712,90,PCE,7920000,23,5,248.4,,990,792
,,(BM-404) - Drivaksel venstre foran,1633427923,TRUE,DR10717,90,PCE,38320000,75,0,810,,4790,3832
,,(OJ-HY-0686) - Drivknute,1633427924,TRUE,DR10736,90,PCE,11840000,29,4,313.2,,1480,1184
,,(OJ-HY-0653) - Drivledd,1633427925,TRUE,DR10746,90,PCE,6648000,16,0,172.8,,831,664.8
,,"(ASN-A60R) - Ledd, Mellomaksel kryss",1633427926,TRUE,DR10749,90,PCE,4800000,6,0,64.8,,600,480
,,"(ASM-93) - (MK-MI-101) - Ledd, Mellomaksel kryss",1633427927,TRUE,DR10752,90,PCE,5592000,4,5,43.2,,699,559.2
,,(VO-702) - Drivaksel Volvo framaksel venstre,1633427928,TRUE,DR10753,90,PCE,2,73,0,788.4,,3250,2600
,,(LRCB-FLI) - (CB-LR-001) Mellomaksel lager,1633427929,TRUE,DR10754,90,PCE,11192000,13,2,140.4,,1399,1119.2
,,(1610-164R) - (OJ-MB-2000) Drivledd yttre bak,1633427930,TRUE,DR10773,90,PCE,23920000,77,1,831.6,,2990,2392
,,frakt fra utlandet,1633427931,TRUE,DR10783,90,PCE,12000000,0,0,0,,,
,,"Bromssk?ld bak, h?ger",1633427932,TRUE,DR10785,90,PCE,0,0,0,0,,,
,,(OJ-HO-0863)- Ytre drivledd foran,1633427933,TRUE,DR10803,90,PCE,8000000,26,0,280.8,,1000,800
,,"( FD-270 )-Drivaksel, Volvo, Ford, Framaksel h?yre",1633427934,TRUE,DR10804,90,PCE,19528000,58,0,626.4,,2441,1952.8
,,(OJ-VA-1694) - Drivledd,1633427935,TRUE,DR10805,90,PCE,5200000,19,5,205.2,,650,520
,,(ASM-H77R) -(MK-MI-2577)- Mellomaksel ledd,1633427936,TRUE,DR10807,90,PCE,5520000,3,4,32.4,,690,552
,,"MPM, Bensin System Cleaner, rengj?ring av hele dr",1633427937,TRUE,DR10808,90,PCE,1192000,0,0,0,,149,119.2
,,(AAAAA) - Drivaksel framaksel venstre,1633427938,TRUE,DR10810,90,PCE,19200000,0,0,0,,,
,,DR11197,1633427939,TRUE,DR10811,90,PCE,26392000,0,0,0,,,
,,(HYCB-SAN) - (CB-HY-3000) - Mellomaksel lager,1633427940,TRUE,DR10812,90,PCE,8960000,21,2,226.8,,1120,896
,,(VO-243) Drivaksel h?yre,1633427941,TRUE,DR10816,90,PCE,25000000,100,0,1080,,3125,2500
,,(BMCB189)- (CB-LR-003) Mellomaksel lager,1633427942,TRUE,DR10818,90,PCE,7992000,32,2,345.6,,999,799.2
,,(HONDA-5A)- (KD-PS-HO-03) - Mellomaksel,1633427943,TRUE,DR10820,90,PCE,68000000,265,0,2862,,8500,6800
,,(KD-PSMB05-06) Mellomaksel,1633427944,TRUE,DR10821,90,PCE,60000000,302,0,3261.6,,7500,6000
,,"(1210-MATA44) -Ytre drivknute, drivledd, leddsett, hjulside",1633427945,TRUE,DR10822,90,PCE,0,17,4,183.6,,960,768
,,postoppkrav,1633427946,TRUE,DR10823,90,PCE,392000,0,0,0,,,
,,(HYCB-TUC) -(CB-HY-123),1633427947,TRUE,DR10824,90,PCE,9280000,16,3,172.8,,1160,928
,,(OJ-TO-0219) - Drivledd,1633427948,TRUE,DR10825,90,PCE,10800000,28,2,302.4,,1350,1080
,,OJ-CT-1314 - Drivledd,1633427949,TRUE,DR10826,90,PCE,,16,2,172.8,,450,360
,,OJ-CT-1370 - Drivledd,1633427950,TRUE,DR10827,90,PCE,,16,3,172.8,,850,680
,,OJ-CT-1457 - Drivledd,1633427951,TRUE,DR10828,90,PCE,,19,6,205.2,,754,603.2
,,OJ-CT-1458 - Drivledd,1633427952,TRUE,DR10830,90,PCE,,22,2,237.6,,1133,906.4
,,OJ-CT-1470 - Drivledd,1633427953,TRUE,DR10831,90,PCE,,17,2,183.6,,743,594.4
,,OJ-CT-1780 - Drivledd,1633427954,TRUE,DR10832,90,PCE,,19,4,205.2,,740,592
,,OJ-CT-1764- Drivledd,1633427955,TRUE,DR10833,90,PCE,,25,2,270,,1190,952
,,OJ-CT-1948 - Drivledd,1633427956,TRUE,DR10834,90,PCE,,31,4,334.8,,999,799.2
,,OJ-CT-1431 - Drivledd,1633427957,TRUE,DR10837,90,PCE,,19,1,205.2,,650,520
,,OJ-CT-8877 (2510-3084B)- Drivledd,1633427958,TRUE,DR10838,90,PCE,,28,3,302.4,,1380,1104
,,OJ-CT-1958 - Drivledd,1633427959,TRUE,DR10839,90,PCE,,24,1,259.2,,679,543.2
,,OJ-BM-1954- Drivledd,1633427960,TRUE,DR10840,90,PCE,,33,2,356.4,,1399,1119.2
,,OJ-CT-1756 - Drivledd,1633427961,TRUE,DR10842,90,PCE,,21,2,226.8,,890,712
,,OJ-CT-1477- Drivledd,1633427962,TRUE,DR10848,90,PCE,,21,1,226.8,,754,603.2
,,OJ-DA-0568 - Drivledd,1633427963,TRUE,DR10850,90,PCE,,24,2,259.2,,1200,960
,,OJ-FD-1367 - Drivledd,1633427964,TRUE,DR10855,90,PCE,,28,7,302.4,,1322,1057.6
,,OJ-FD-1389 - Drivledd,1633427965,TRUE,DR10857,90,PCE,,17,1,183.6,,821,656.8
,,OJ-FD-1495 - Drivledd,1633427966,TRUE,DR10858,90,PCE,,19,2,205.2,,640,512
,,OJ-FD-1622 - Drivledd,1633427967,TRUE,DR10859,90,PCE,,19,1,205.2,,843,674.4
,,OJ-FD-1496 - Drivledd,1633427968,TRUE,DR10861,90,PCE,,19,2,205.2,,943,754.4
,,OJ-FD-1962 - Drivledd,1633427969,TRUE,DR10863,90,PCE,,37,2,399.6,,1250,1000
,,OJ-FD-1668 - Drivledd,1633427970,TRUE,DR10868,90,PCE,,22,2,237.6,,950,760
,,OJ-FD-1669 - Drivledd,1633427971,TRUE,DR10869,90,PCE,,18,2,194.4,,711,568.8
,,OJ-FD-1714 - Drivledd,1633427972,TRUE,DR10870,90,PCE,,21,4,226.8,,950,760
,,OJ-FD-1371- Drivledd,1633427973,TRUE,DR10871,90,PCE,,28,2,302.4,,1600,1280
,,OJ-FD-1467- Drivledd,1633427974,TRUE,DR10873,90,PCE,,22,3,237.6,,1000,800
,,OJ-FD-1443 - Drivledd,1633427975,TRUE,DR10874,90,PCE,,22,1,237.6,,949,759.2
,,OJ-FD-1963- Drivledd,1633427976,TRUE,DR10875,90,PCE,,36,2,388.8,,1290,1032
,,OJ-NI-0139 - Drivledd,1633427977,TRUE,DR10877,90,PCE,,18,4,194.4,,750,600
,,OJ-FD-1733 - Drivledd,1633427978,TRUE,DR10878,90,PCE,,19,1,205.2,,990,792
,,OJ-HO-0810 - Drivledd,1633427979,TRUE,DR10881,90,PCE,,16,1,172.8,,685,548
,,OJ-HO-0817 - Drivledd,1633427980,TRUE,DR10883,90,PCE,,21,1,226.8,,880,704
,,OJ-HO-0830 - Drivledd,1633427981,TRUE,DR10886,90,PCE,,19,1,205.2,,750,600
,,OJ-HO-0841 - Drivledd,1633427982,TRUE,DR10887,90,PCE,,21,1,226.8,,850,680
,,OJ-HO-0855 - Drivledd,1633427983,TRUE,DR10888,90,PCE,,23,3,248.4,,1170,936
,,OJ-HO-0860 - Drivledd,1633427984,TRUE,DR10896,90,PCE,,22,3,237.6,,825,660
,,OJ-HO-0869 - Drivledd,1633427985,TRUE,DR10897,90,PCE,,21,1,226.8,,1180,944
,,OJ-OP-1390 - Drivledd,1633427986,TRUE,DR10898,90,PCE,,20,12,216,,950,760
,,OJ-OP-1437 - Drivledd,1633427987,TRUE,DR10899,90,PCE,,16,4,172.8,,650,520
,,OJ-OP-1335 - Drivledd,1633427988,TRUE,DR10902,90,PCE,,16,1,172.8,,699,559.2
,,OJ-CT-1758 - Drivledd,1633427989,TRUE,DR10903,90,PCE,,19,2,205.2,,666,532.8
,,OJ-KA-0432 - Drivledd,1633427990,TRUE,DR10904,90,PCE,,26,1,280.8,,1250,1000
,,OJ-KA-0433 - Drivledd,1633427991,TRUE,DR10906,90,PCE,,28,1,302.4,,1250,1000
,,OJ-KA-0435 - Drivledd,1633427992,TRUE,DR10908,90,PCE,,22,1,237.6,,900,720
,,OJ-KA-0441 - Drivledd,1633427993,TRUE,DR10912,90,PCE,,23,2,248.4,,1018,814.4
,,OJ-KA-0448 - Drivledd,1633427994,TRUE,DR10913,90,PCE,,24,4,259.2,,789,631.2
,,OJ-KA-0676 - Drivledd,1633427995,TRUE,DR10920,90,PCE,,28,2,302.4,,1599,1279.2
,,OJ-KA-0510 -  (0510-038A44) - Drivledd,1633427996,TRUE,DR10925,90,PCE,,18,1,194.4,,1140,912
,,OJ-KA-2010 -(2210-NSPRA48)- Drivledd,1633427997,TRUE,DR10926,90,PCE,,40,1,432,,1390,1112
,,OJ-MZ-1475 - Drivledd,1633427998,TRUE,DR10930,90,PCE,,27,1,291.6,,850,680
,,OJ-MZ-0424 - Drivledd,1633427999,TRUE,DR10932,90,PCE,,31,1,334.8,,900,720
,,OJ-MZ-0429- Drivledd,1633428000,TRUE,DR10934,90,PCE,,25,1,270,,1145,916
,,OJ-MZ-0442- Drivledd,1633428001,TRUE,DR10936,90,PCE,,33,1,356.4,,990,792
,,OJ-MZ-0450- Drivledd,1633428002,TRUE,DR10937,90,PCE,,21,3,226.8,,1240,992
,,OJ-NI-0120- Drivledd,1633428003,TRUE,DR10938,90,PCE,,15,2,162,,750,600
,,OJ-MZ-0443 -(0510-M6A44)- Drivledd,1633428004,TRUE,DR10945,90,PCE,,26,2,280.8,,1250,1000
,,OJ-MZ-0451 -(0510-323BJ)- Drivledd,1633428005,TRUE,DR10947,90,PCE,,20,1,216,,790,632
,,OJ-MZ-0459 - Drivledd,1633428006,TRUE,DR10949,90,PCE,,17,1,183.6,,943,754.4
,,OJ-MZ-0285 -(0510-049)- Drivledd,1633428007,TRUE,DR10957,90,PCE,,19,1,205.2,,1210,968
,,OJ-MZ-0460 -(0510-014A44)- Drivledd,1633428008,TRUE,DR10959,90,PCE,,19,1,205.2,,899,719.2
,,OJ-MZ-9582 -(0510-044A44)- Drivledd,1633428009,TRUE,DR10960,90,PCE,,17,4,183.6,,1190,952
,,OJ-MZ-0481- Drivledd,1633428010,TRUE,DR10966,90,PCE,,15,1,162,,599,479.2
,,OJ-MZ-0490 - Drivledd,1633428011,TRUE,DR10969,90,PCE,,19,1,205.2,,572,457.6
,,OJ-MZ-0498- Drivledd,1633428012,TRUE,DR10970,90,PCE,,15,1,162,,599,479.2
,,Febest-(0210-T31M9) - Drivledd,1633428013,TRUE,DR10974,90,PCE,,22,3,237.6,,1680,1344
,,OJ-MI-3339 (0410-V97WRA50) - Drivledd,1633428014,TRUE,DR10975,90,PCE,,96,2,1036.8,,2860,2288
,,OJ-MZ-0496 - Drivledd,1633428015,TRUE,DR10985,90,PCE,,19,1,205.2,,691,552.8
,,OJ-MZ-0054 -(0510-052) - Drivledd,1633428016,TRUE,DR10986,90,PCE,,19,1,205.2,,999,799.2
,,OJ-MI-0672 - saknar p? hemsidan,1633428017,TRUE,DR10988,90,PCE,,39,2,421.2,,,
,,OJ-NI-0148 - Drivledd,1633428018,TRUE,DR10991,90,PCE,,23,2,248.4,,1250,1000
,,OJ-NI-0152 - Drivledd,1633428019,TRUE,DR10992,90,PCE,,18,1,194.4,,750,600
,,OJ-NI-0169 -(0210-057A44) - Drivledd,1633428020,TRUE,DR10998,90,PCE,,18,7,194.4,,750,600
,,OJ-NI-0179 - Drivledd,1633428021,TRUE,DR11000,90,PCE,,23,1,248.4,,750,600
,,OJ-NI-0181 - Drivledd,1633428022,TRUE,DR11013,90,PCE,,17,1,183.6,,750,600
,,OJ-NI-0189 - Drivledd,1633428023,TRUE,DR11014,90,PCE,,17,2,183.6,,750,600
,,OJ-NI-0192 - Drivledd,1633428024,TRUE,DR11015,90,PCE,,18,4,194.4,,750,600
,,OJ-NI-0195- Drivledd,1633428025,TRUE,DR11016,90,PCE,,16,2,172.8,,650,520
,,OJ-NI-1190 -(0210-FX35) - Drivledd,1633428026,TRUE,DR11018,90,PCE,,34,2,367.2,,1190,952
,,OJ-NI-0136 - Drivledd,1633428027,TRUE,DR11019,90,PCE,,26,1,280.8,,750,600
,,OJ-NI-4828 -(0210-R51R)- Drivledd,1633428028,TRUE,DR11020,90,PCE,,50,2,540,,1790,1432
,,OJ-NI-3198 -(0210-T30RA44)-VARENR,1633428029,TRUE,DR11021,90,PCE,,20,1,216,,1320,1056
,,OJ-NI-0141 - Drivledd,1633428030,TRUE,DR11027,90,PCE,,15,1,162,,750,600
,,OJ-RN-1379 - Drivledd,1633428031,TRUE,DR11030,90,PCE,,19,4,205.2,,943,754.4
,,OJ-RN-1372 - Drivledd,1633428032,TRUE,DR11031,90,PCE,,21,2,226.8,,850,680
,,OJ-RN-1382- Drivledd,1633428033,TRUE,DR11032,90,PCE,,17,1,183.6,,950,760
,,OJ-RN-1915 - Drivledd,1633428034,TRUE,DR11036,90,PCE,,22,2,237.6,,850,680
,,OJ-RN-1919 - Drivledd,1633428035,TRUE,DR11037,90,PCE,,37,2,399.6,,1425,1140
,,OJ-RN-1426 - Drivledd,1633428036,TRUE,DR11043,90,PCE,,15,1,162,,954,763.2
,,OJ-RN-1904 - Drivledd,1633428037,TRUE,DR11045,90,PCE,,23,2,248.4,,1190,952
,,OJ-SZ-0727 - Drivledd,1633428038,TRUE,DR11050,90,PCE,,19,3,205.2,,750,600
,,OJ-SZ-0733 - Drivledd,1633428039,TRUE,DR11052,90,PCE,,20,2,216,,1320,1056
,,OJ-SY-1414 -(1410-RODA52)- Drivledd,1633428040,TRUE,DR11053,90,PCE,,41,3,442.8,,1680,1344
,,OJ-RN-1462- Drivledd,1633428041,TRUE,DR11054,90,PCE,,19,4,205.2,,750,600
,,OJ-RN-1976 - Drivledd,1633428042,TRUE,DR11056,90,PCE,,29,5,313.2,,1195,956
,,OJ-RN-1429 - Drivledd,1633428043,TRUE,DR11058,90,PCE,,19,1,205.2,,754,603.2
,,OJ-SY-0060 -(1410-NACTRA48)- Drivledd,1633428044,TRUE,DR11059,90,PCE,,17,1,183.6,,1390,1112
,,OJ-SY-1144 -(1410-KORA48)- Drivledd,1633428045,TRUE,DR11060,90,PCE,,58,2,626.4,,1840,1472
,,OJ-SZ-0711 -(0710-SY415A42)- Drivledd,1633428046,TRUE,DR11064,90,PCE,,15,2,162,,1120,896
,,OJ-SZ-0735 - Drivledd,1633428047,TRUE,DR11065,90,PCE,,21,2,226.8,,1250,1000
,,OJ-SY-0099 -(1410-NAA48)- Drivledd,1633428048,TRUE,DR11067,90,PCE,,49,1,529.2,,1760,1408
,,OJ-SZ-0713 (OJ-SZ-0716) - Drivledd,1633428049,TRUE,DR11072,90,PCE,,19,1,205.2,,699,559.2
,,OJ-SY-1041 (1410-REXII) - Drivledd,1633428050,TRUE,DR11074,90,PCE,,27,2,291.6,,1390,1112
,,OJ-SZ-0719 -- (0710-034) -- Drivledd,1633428051,TRUE,DR11079,90,PCE,,24,6,259.2,,1140,912
,,OJ-SZ-0728 - Drivledd,1633428052,TRUE,DR11086,90,PCE,,20,2,216,,1650,1320
,,OJ-SY-1451 -(1410-REXI)- Drivledd,1633428053,TRUE,DR11088,90,PCE,,23,1,248.4,,1356,1084.8
,,OJ-SY-1410 (1410-REXIIAWD) - Drivledd,1633428054,TRUE,DR11093,90,PCE,,16,1,172.8,,1490,1192
,,OJ-SB-0971 - Drivledd,1633428055,TRUE,DR11101,90,PCE,,20,1,216,,1700,1360
,,OJ-SB-0951 - Drivledd,1633428056,TRUE,DR11102,90,PCE,,21,1,226.8,,950,760
,,OJ-SB-0954 - Drivledd,1633428057,TRUE,DR11110,90,PCE,,20,4,216,,949,759.2
,,OJ-SB-0955 -(0810-008 )- Drivledd,1633428058,TRUE,DR11111,90,PCE,,20,2,216,,949,759.2
,,OJ-SA-1406 - Drivledd,1633428059,TRUE,DR11112,90,PCE,,22,2,237.6,,699,559.2
,,OJ-SA-1715 - Drivledd,1633428060,TRUE,DR11113,90,PCE,,19,2,205.2,,543,434.4
,,OJ-HY-0646 - Drivledd,1633428061,TRUE,DR11116,90,PCE,,20,7,216,,850,680
,,OJ-HY-0645 -(0410-V75A50 )-,1633428062,TRUE,DR11118,90,PCE,,22,2,237.6,,1200,960
,,OJ-HY-0619 - Drivledd,1633428063,TRUE,DR11120,90,PCE,,19,1,205.2,,750,600
,,OJ-HY-0616 - Drivledd,1633428064,TRUE,DR11121,90,PCE,,18,2,194.4,,650,520
,,OJ-HY-0628 - Drivledd,1633428065,TRUE,DR11122,90,PCE,,22,3,237.6,,1650,1320
,,OJ-HY-0631 - Drivledd,1633428066,TRUE,DR11123,90,PCE,,26,3,280.8,,990,792
,,OJ-HY-0648- Drivledd,1633428067,TRUE,DR11124,90,PCE,,20,2,216,,990,792
,,OJ-HY-0660 -(1210-TER)- Drivledd,1633428068,TRUE,DR11127,90,PCE,,31,1,334.8,,1249,999.2
,,OJ-HY-0643 - Drivledd,1633428069,TRUE,DR11149,90,PCE,,23,1,248.4,,990,792
,,OJ-HY-0627 - Drivledd,1633428070,TRUE,DR11159,90,PCE,,20,4,216,,850,680
,,OJ-HY-3580 -(1210-TUCMTA48)- Drivledd,1633428071,TRUE,DR11160,90,PCE,,18,1,194.4,,1590,1272
,,OJ-HY-9000 (1210-IX35A48R) - Drivledd,1633428072,TRUE,DR11161,90,PCE,,32,1,345.6,,1460,1168
,,OJ-HY-0632 -(1210-011 )- Drivledd,1633428073,TRUE,DR11162,90,PCE,,25,2,270,,1047,837.6
,,OJ-HY-0651 - Drivledd,1633428074,TRUE,DR11163,90,PCE,,25,3,270,,1789,1431.2
,,OJ-HY-1012 -(1210-TUCA48)- Drivledd,1633428075,TRUE,DR11164,90,PCE,,25,1,270,,1540,1232
,,OJ-HY-0668 - Drivledd,1633428076,TRUE,DR11165,90,PCE,,24,1,259.2,,990,792
,,OJ-HY-0658 - Drivledd,1633428077,TRUE,DR11166,90,PCE,,23,1,248.4,,1472,1177.6
,,OJ-HY-7000 -(1210-SFA52)- Drivledd,1633428078,TRUE,DR11167,90,PCE,,26,1,280.8,,1460,1168
,,OJ-HY-1000 -(1210-SFCLRRA52)- Drivledd,1633428079,TRUE,DR11168,90,PCE,,29,1,313.2,,1590,1272
,,OJ-HY-0606 (OJ-HY-0662) - Drivledd,1633428080,TRUE,DR11171,90,PCE,,21,5,226.8,,950,760
,,OJ-HY-0659 - Drivledd,1633428081,TRUE,DR11172,90,PCE,,30,4,324,,1240,992
,,OJ-HY-0652 - Drivledd,1633428082,TRUE,DR11174,90,PCE,,20,2,216,,990,792
,,OJ-HY-0665 - Drivledd,1633428083,TRUE,DR11175,90,PCE,,23,2,248.4,,1156,924.8
,,OJ-IZ-0309 (826004) - Drivledd,1633428084,TRUE,DR11176,90,PCE,,21,2,226.8,,850,680
,,OJ-NI-0165 - Drivledd,1633428085,TRUE,DR11178,90,PCE,,20,1,216,,750,600
,,OJ-IZ-0310 - Drivledd,1633428086,TRUE,DR11179,90,PCE,,21,2,226.8,,750,600
,,OJ-GM-1415 - Drivledd,1633428087,TRUE,DR11180,90,PCE,,19,1,205.2,,783,626.4
,,OJ-GM-1700 - Drivledd,1633428088,TRUE,DR11183,90,PCE,,19,1,205.2,,750,600
,,OJ-RN-1494 -(2410-MASTA51) - Drivledd,1633428089,TRUE,DR11186,90,PCE,,21,1,226.8,,943,754.4
,,OJ-FI-1768 - Drivledd,1633428090,TRUE,DR11188,90,PCE,,22,1,237.6,,699,559.2
,,OJ-FI-1907 - Drivledd,1633428091,TRUE,DR11189,90,PCE,,21,1,226.8,,890,712
,,OJ-FI-1950 - Drivledd,1633428092,TRUE,DR11190,90,PCE,,28,2,302.4,,990,792
,,OJ-MB-1791 - Drivledd,1633428093,TRUE,DR11193,90,PCE,,21,1,226.8,,900,720
,,OJ-MB-2980 (1610-164) - Drivledd,1633428094,TRUE,DR11196,90,PCE,,96,2,1036.8,,3245,2596
,,OJ-MB-1672 - Drivledd,1633428095,TRUE,DR11197,90,PCE,,19,4,205.2,,1190,952
,,OJ-MB-1462 - Drivledd,1633428096,TRUE,DR11198,90,PCE,,37,3,399.6,,2490,1992
,,OJ-MB-1469 - Drivledd,1633428097,TRUE,DR11199,90,PCE,,17,6,183.6,,1100,880
,,OJ-MB-4477 (1610-460A54) - Drivledd,1633428098,TRUE,DR11207,90,PCE,,35,1,378,,1980,1584
,,OJ-MB-3500 (1610-W639R) - Drivledd,1633428099,TRUE,DR11208,90,PCE,,21,1,226.8,,1790,1432
,,OJ-MB-1616 (1610-210A48) - Drivledd,1633428100,TRUE,DR11221,90,PCE,,29,1,313.2,,2590,2072
,,OJ-MB-2400 (1610-203) - Drivledd,1633428101,TRUE,DR11222,90,PCE,,64,1,691.2,,2490,1992
,,OJ-MB-6688 (1610-212A96R) - Drivledd,1633428102,TRUE,DR11227,90,PCE,,24,1,259.2,,3450,2760
,,OJ-MB-6500 (1610-204A96R) - Drivledd,1633428103,TRUE,DR11231,90,PCE,,27,1,291.6,,3499,2799.2
,,OJ-MB-7766 (1610-164S) - Drivledd,1633428104,TRUE,DR11235,90,PCE,,73,1,788.4,,2990,2392
,,OJ-MB-1690 (1610-169) - Drivledd,1633428105,TRUE,DR11240,90,PCE,,44,1,475.2,,1720,1376
,,OJ-OP-1306 - Drivledd,1633428106,TRUE,DR11247,90,PCE,,18,2,194.4,,850,680
,,OJ-OP-1395 - Drivledd,1633428107,TRUE,DR11251,90,PCE,,20,1,216,,1038,830.4
,,OJ-OP-1396 - Drivledd,1633428108,TRUE,DR11252,90,PCE,,17,1,183.6,,1090,872
,,S03 - Adapter,1633428109,TRUE,DR11258,90,PCE,,45,1,486,,1990,1592
,,S09 - Adapter,1633428110,TRUE,DR11259,90,PCE,,113,3,1220.4,,2690,2152
,,S14,1633428111,TRUE,DR11261,90,PCE,,79,1,853.2,,,
,,S05 - Adapter,1633428112,TRUE,DR11267,90,PCE,,55,4,594,,1990,1592
,,OJ-BM-3366 (1910-X5RR) - Drivledd,1633428113,TRUE,DR11268,90,PCE,,24,1,259.2,,1340,1072
,,OJ-BM-1375 -(1910-X5)- - Drivledd,1633428114,TRUE,DR11271,90,PCE,,22,2,237.6,,1150,920
,,OJ-RV-1010 -(2910-FLIR)- Drivledd,1633428115,TRUE,DR11273,90,PCE,,18,1,194.4,,1780,1424
,,OJ-RV-1699 - Drivledd,1633428116,TRUE,DR11278,90,PCE,,19,3,205.2,,1060,848
,,OJ-RV-1653 - Drivledd,1633428117,TRUE,DR11280,90,PCE,,17,1,183.6,,1322,1057.6
,,OJ-RV-1612 - Drivledd,1633428118,TRUE,DR11284,90,PCE,,31,1,334.8,,1210,968
,,OJ-RV-1611 -(2910-DIIIR )- Drivledd,1633428119,TRUE,DR11289,90,PCE,,32,1,345.6,,1250,1000
,,OJ-TO-0276- Drivledd,1633428120,TRUE,DR11290,90,PCE,,34,3,367.2,,1100,880
,,OJ-TO-0406 -(0110-083)- Drivledd,1633428121,TRUE,DR11292,90,PCE,,22,3,237.6,,1460,1168
,,OJ-TO-0266 -(0110-AZT250A48) - Drivledd,1633428122,TRUE,DR11293,90,PCE,,26,2,280.8,,915,732
,,OJ-TO-0263 - Drivledd,1633428123,TRUE,DR11302,90,PCE,,19,1,205.2,,850,680
,,OJ-TO-0261 - Drivledd,1633428124,TRUE,DR11303,90,PCE,,19,2,205.2,,1200,960
,,OJ-TO-0257 - Drivledd,1633428125,TRUE,DR11304,90,PCE,,22,2,237.6,,985,788
,,OJ-TO-0253 - Drivledd,1633428126,TRUE,DR11305,90,PCE,,25,2,270,,1090,872
,,OJ-TO-0251 - Drivledd,1633428127,TRUE,DR11307,90,PCE,,19,3,205.2,,1238,990.4
,,OJ-TO-0247 - Drivledd,1633428128,TRUE,DR11309,90,PCE,,19,3,205.2,,850,680
,,OJ-TO-0246 - Drivledd,1633428129,TRUE,DR11315,90,PCE,,20,1,216,,980,784
,,OJ-TO-0245 - Drivledd,1633428130,TRUE,DR11323,90,PCE,,18,2,194.4,,840,672
,,"Febest-(0110-ACA30), ED-(OJ-TO-0260) - Drivledd",1633428131,TRUE,DR11328,90,PCE,,20,1,216,,999,799.2
,,OJ-TO-0212 - Saknarp? hemsida,1633428132,TRUE,DR11335,90,PCE,,16,6,172.8,,,
,,OJ-TO-0215 - Drivledd,1633428133,TRUE,DR11340,90,PCE,,16,2,172.8,,950,760
,,OJ-TO-0218 - Drivledd,1633428134,TRUE,DR11342,90,PCE,,26,1,280.8,,1220,976
,,OJ-TO-0226 - Drivledd,1633428135,TRUE,DR11343,90,PCE,,21,2,226.8,,1200,960
,,OJ-TO-0231 - Saknar p? hemsida,1633428136,TRUE,DR11344,90,PCE,,26,1,280.8,,,
,,OJ-TO-0235 -(0110-027A48)- Drivledd,1633428137,TRUE,DR11347,90,PCE,,21,2,226.8,,950,760
,,OJ-TO-0267 - (0110-077A48)- Drivledd,1633428138,TRUE,DR11348,90,PCE,,24,2,259.2,,1150,920
,,OJ-TO-0274 - (0110-080)- Drivledd,1633428139,TRUE,DR11349,90,PCE,,37,2,399.6,,1590,1272
,,OJ-TO-0225 - Drivledd,1633428140,TRUE,DR11354,90,PCE,,19,2,205.2,,950,760
,,EDI-TO-001 -(0111-KZN165)- Drivledd,1633428141,TRUE,DR11355,90,PCE,,35,1,378,,1690,1352
,,OJ-TO-0210 - Drivledd,1633428142,TRUE,DR11357,90,PCE,,20,3,216,,1080,864
,,OJ-TO-0201 - Drivledd,1633428143,TRUE,DR11358,90,PCE,,18,1,194.4,,850,680
,,OJ-VA-1449 -(2310-030) - Drivledd,1633428144,TRUE,DR11359,90,PCE,,16,5,172.8,,777,621.6
,,OJ-VA-1472 - Drivledd,1633428145,TRUE,DR11362,90,PCE,,15,2,162,,611,488.8
,,OJ-VA-1438 - Drivledd,1633428146,TRUE,DR11363,90,PCE,,18,2,194.4,,849,679.2
,,OJ-VA-1487 - Drivledd,1633428147,TRUE,DR11364,90,PCE,,24,1,259.2,,943,754.4
,,OJ-VA-1488 - Drivledd,1633428148,TRUE,DR11369,90,PCE,,16,1,172.8,,700,560
,,OJ-VA-1489 - Drivledd,1633428149,TRUE,DR11371,90,PCE,,17,2,183.6,,650,520
,,OJ-VA-1497 - Drivledd,1633428150,TRUE,DR11372,90,PCE,,20,2,216,,580,464
,,OJ-VA-1718 - Drivledd,1633428151,TRUE,DR11373,90,PCE,,14,1,151.2,,950,760
,,OJ-VA-1726 - Drivledd,1633428152,TRUE,DR11374,90,PCE,,22,2,237.6,,800,640
,,OJ-VA-1728 - Drivledd,1633428153,TRUE,DR11378,90,PCE,,21,3,226.8,,890,712
,,OJ-VA-1743 - Drivledd,1633428154,TRUE,DR11379,90,PCE,,22,2,237.6,,600,480
,,OJ-VA-1745 - Drivledd,1633428155,TRUE,DR11381,90,PCE,,18,8,194.4,,799,639.2
,,OJ-VA-1796,1633428156,TRUE,DR11382,90,PCE,,15,2,162,,,
,,OJ-VA-1921,1633428157,TRUE,DR11383,90,PCE,,28,3,302.4,,,
,,OJ-VA-1983 - Drivledd,1633428158,TRUE,DR11385,90,PCE,,75,2,810,,1890,1512
,,OJ-VA-1747,1633428159,TRUE,DR11389,90,PCE,,16,9,172.8,,,
,,OJ-VA-1486 - Drivledd,1633428160,TRUE,DR11393,90,PCE,,25,5,270,,1380,1104
,,OJ-VA-1991 - Drivledd,1633428161,TRUE,DR11394,90,PCE,,24,2,259.2,,1590,1272
,,OJ-VA-1684 - Drivledd,1633428162,TRUE,DR11396,90,PCE,,18,2,194.4,,599,479.2
,,OJ-VO-1908 - Drivledd,1633428163,TRUE,DR11397,90,PCE,,30,5,324,,1395,1116
,,OJ-VO-1498 - Drivledd,1633428164,TRUE,DR11400,90,PCE,,21,4,226.8,,1211,968.8
,,OJ-VO-1485 - Drivledd,1633428165,TRUE,DR11405,90,PCE,,24,1,259.2,,799,639.2
,,OJ-VO-3035 -(2910-FLIIF)- Drivledd,1633428166,TRUE,DR11407,90,PCE,,26,2,280.8,,1600,1280
,,OJ-VO-1980 - Drivledd,1633428167,TRUE,DR11408,90,PCE,,29,2,313.2,,1250,1000
,,OJ-VO-1676 - Drivledd,1633428168,TRUE,DR11410,90,PCE,,23,1,248.4,,949,759.2
,,OJ-VO-1476 - Drivledd,1633428169,TRUE,DR11412,90,PCE,,20,1,216,,949,759.2
,,OJ-VO-1797 - Drivledd,1633428170,TRUE,DR11413,90,PCE,,24,1,259.2,,1138,910.4
,,OJ-VO-1735 - Drivledd,1633428171,TRUE,DR11415,90,PCE,,23,1,248.4,,743,594.4
,,OJ-VO-4070 (2110-CA220) - Drivledd,1633428172,TRUE,DR11416,90,PCE,,19,1,205.2,,1250,1000
,,OJ-VO-1781 - Drivledd,1633428173,TRUE,DR11417,90,PCE,,21,1,226.8,,844,675.2
,,OJ-VA-1909 - Drivledd,1633428174,TRUE,DR11418,90,PCE,,26,5,280.8,,1190,952
,,OJ-VA-1602 - Drivledd,1633428175,TRUE,DR11419,90,PCE,,20,2,216,,700,560
,,OJ-VA-1719 - Drivledd,1633428176,TRUE,DR11422,90,PCE,,19,2,205.2,,960,768
,,OJ-VA-1604 - Drivledd,1633428177,TRUE,DR11423,90,PCE,,17,1,183.6,,780,624
,,OJ-VA-1721 - Drivledd,1633428178,TRUE,DR11424,90,PCE,,20,1,216,,699,559.2
,,OJ-VA-1748 - Drivledd,1633428179,TRUE,DR11426,90,PCE,,18,1,194.4,,811,648.8
,,OJ-VA-1906 - Drivledd,1633428180,TRUE,DR11429,90,PCE,,26,1,280.8,,999,799.2
,,OJ-VO-4055 (2110-FOCII) - Drivledd,1633428181,TRUE,DR11431,90,PCE,,19,1,205.2,,1290,1032
,,OJ-VO-4477 (2710-S40II) - Drivledd,1633428182,TRUE,DR11432,90,PCE,,32,1,345.6,,1560,1248
,,OJ-HY-1211 -(1210-LANA44)- - Drivledd,1633428183,TRUE,DR11434,90,PCE,,26,1,280.8,,1390,1112
,,EDI6041 - Indre drivledd,1633428184,TRUE,DR11435,90,PCE,,16,3,172.8,,839,671.2
,,EDI6042 - Indre drivledd,1633428185,TRUE,DR11436,90,PCE,,25,2,270,,899,719.2
,,EDI6009 - Indre drivledd,1633428186,TRUE,DR11437,90,PCE,,33,3,356.4,,1280,1024
,,EDI-HO-2545 -(0311-HRVMTRH) - Indre drivledd,1633428187,TRUE,DR11438,90,PCE,,30,1,324,,1590,1272
,,EDI6044 - Indre drivledd,1633428188,TRUE,DR11445,90,PCE,,17,3,183.6,,746,596.8
,,EDI6054 - Indre drivledd,1633428189,TRUE,DR11446,90,PCE,,28,2,302.4,,1288,1030.4
,,EDI6008 - Indre drivledd,1633428190,TRUE,DR11447,90,PCE,,23,1,248.4,,899,719.2
,,EDI-TO-4886 -(0111-GRJ120)- Indre drivledd,1633428191,TRUE,DR11450,90,PCE,,41,1,442.8,,1590,1272
,,EDI6101 - Indre Drivledd,1633428192,TRUE,DR11451,90,PCE,,24,3,259.2,,950,760
,,EDI6033 - Indre drivledd,1633428193,TRUE,DR11452,90,PCE,,23,3,248.4,,899,719.2
,,EDI6075 - Indre drivledd,1633428194,TRUE,DR11453,90,PCE,,39,1,421.2,,1120,896
,,EDI6050 - Indre drivledd,1633428195,TRUE,DR11456,90,PCE,,22,1,237.6,,720,576
,,EDI6045 - Indre drivledd,1633428196,TRUE,DR11457,90,PCE,,22,1,237.6,,925,740
,,OJ-MB-1911,1633428197,TRUE,DR11458,90,PCE,,28,2,302.4,,,
,,OJ-VA-1796,1633428198,TRUE,DR16678,90,PCE,,15,1,162,,,
,,OJ-TO-0278,1633428199,TRUE,DR18000,90,PCE,,24,2,259.2,,,
,,OJ-HY-0664 - Drivledd,1633428200,TRUE,DR18019,90,PCE,,32,2,345.6,,1550,1240
,,OJ-HY-0650 (1210-014A44 )- Drivledd,1633428201,TRUE,DR18033,90,PCE,,25,1,270,,990,792
,,OJ-MI-8535 -(0410-GA2RR) - Drivledd,1633428202,TRUE,DR18201,90,PCE,,69,1,745.2,,2350,1880
,,S03S,1633428203,TRUE,DR18400,90,PCE,,25,5,270,,,
,,OJ-TO-0212,1633428204,TRUE,DR18412,90,PCE,,16,3,172.8,,,
,,CB-HO-01 (HCB-005) - Mellomaksellager,1633428205,TRUE,DR18444,90,PCE,,6,3,64.8,,990,792
,,CB-HO-04 (HCB-002) - Mellomaksellager,1633428206,TRUE,DR18453,90,PCE,,14,14,151.2,,999,799.2
,,CB-HO-02 (HCB-003) - Mellomaksellager,1633428207,TRUE,DR18550,90,PCE,,22,10,237.6,,1250,1000
,,CB-MZ-4050 (MZCB-B2500) - Mellomaksel lager,1633428208,TRUE,DR18800,90,PCE,,35,1,378,,1480,1184
,,CB-SB-03 -(SBCB-S11)- Mellomaksel lager,1633428209,TRUE,DR18888,90,PCE,,38,3,410.4,,1690,1352
,,CB-SB-013 (SBCB-B13) - Mellomaksellager,1633428210,TRUE,DR18910,90,PCE,,45,1,486,,1560,1248
,,CB-SY-2650 -(SGCB-KORC)- Mellomaksel lager,1633428211,TRUE,DR19125,90,PCE,,64,1,691.2,,1780,1424
,,CB-LX-8976 (TCB-024) - Mellomaksel lager,1633428212,TRUE,DR20100,90,PCE,,12,1,129.6,,999,799.2
,,CB-LX-980 (TCB-005) - Mellomaksel lager,1633428213,TRUE,DR20169,90,PCE,,16,1,172.8,,1690,1352
,,CB-LX-003 (TCB-020 ) - Mellomaksel lager,1633428214,TRUE,DR20189,90,PCE,,17,1,183.6,,1250,1000
,,CB-VO-001 (BMCB211) -(CBV3093)-,1633428215,TRUE,Eksp avg,90,PCE,,65,5,702,,1690,1352
,,CB-DG-300 (CRCB-300) - Mellomaksel lager,1633428216,TRUE,Fakturagebyr,90,PCE,,26,1,280.8,,1350,1080
,,CB-VO-003 -(CBV2576)- (BMCB113) -(CBV2576)-,1633428217,TRUE,FD-271A,90,PCE,,17,3,183.6,,1320,1056
,,CB-VO-002 -(CBV3058)- (BMCB155)- -(cbv3058)-,1633428218,TRUE,Frakt,90,PCE,,19,3,205.2,,1590,1272
,,CB-FD-988 (CBFK)- Mellomaksel lager,1633428219,TRUE,G21804,90,PCE,,19,2,205.2,,1450,1160
,,CB-NI-1515 (NCB-F15) - Mellomaksel lager,1633428220,TRUE,HY-S-100,90,PCE,,26,2,280.8,,1780,1424
,,CB-NI-101 (NCB-001) - Mellomaksel lager,1633428221,TRUE,KA-AD-0550,90,PCE,,19,2,205.2,,1180,944
,,CB-NI-1021 (NCB-W30) - Mellomaksel lager,1633428222,TRUE,KD-TO-2525,90,PCE,,10,1,108,,899,719.2
,,CB-NI-02 (bmcb138) - (NCB-002 ) - Mellomaksel lager,1633428223,TRUE,LagerDiv,90,PCE,,15,2,162,,1180,944
,,CB-NI-03 - Mellomaksel lager,1633428224,TRUE,MA10002,90,PCE,,14,3,151.2,,1180,944
,,CB-NI-010 - Mellomaksel lager,1633428225,TRUE,MA10006,90,PCE,,16,1,172.8,,1311,1048.8
,,CB-NI-001 (bmcb138) - Mellomaksel lager,1633428226,TRUE,MA10007,90,PCE,,18,3,194.4,,860,688
,,CB-FD-02 (BMCB57) - Mellomaksel lager,1633428227,TRUE,MA10008,90,PCE,,10,2,108,,1100,880
,,CB10072- mellomaksel lager,1633428228,TRUE,MA10013,90,PCE,,20,1,216,,1600,1280
,,CB-FD-4063 -(FDCB-TR)- Mellomaksel lager,1633428229,TRUE,MA10014,90,PCE,,14,3,151.2,,1465,1172
,,CB-FD-0585 -(FDCB-TT9)- Mellomaksel lager,1633428230,TRUE,MA10017,90,PCE,,12,3,129.6,,890,712
,,CB-OP-0550 -(OPCB-ANT)- Lager,1633428231,TRUE,MA10021,90,PCE,,52,1,561.6,,1600,1280
,,CB-FD01 - Lager,1633428232,TRUE,MA10023,90,PCE,,10,3,108,,750,600
,,CB-SY-01 - Lager,1633428233,TRUE,MA10024,90,PCE,,26,1,280.8,,1190,952
,,CB-SB-0002 (SBCB-002) - M lager,1633428234,TRUE,MA10046,90,PCE,,16,2,172.8,,990,792
,,CB-VW-5454 (VWCB-2H) - M lager,1633428235,TRUE,MA10065,90,PCE,,21,2,226.8,,1699,1359.2
,,CB-TO-2000 (TCB-NCP15) - M Lager,1633428236,TRUE,MA10070,90,PCE,,17,1,183.6,,1190,952
,,CB-TO-2460 (TCB-AZT246) - M Lager,1633428237,TRUE,MA10070,90,PCE,,9,1,97.2,,880,704
,,CB-TO-04 - M Lager,1633428238,TRUE,MA10079,90,PCE,,24,3,259.2,,1190,952
,,CB-TO-9889 -(BMCB316),1633428239,TRUE,MA10100,90,PCE,,25,3,270,,1490,1192
,,CB-TO-3551 (BMCB297) - M Lager,1633428240,TRUE,MA10114,90,PCE,,47,3,507.6,,1590,1272
,,CB-TO-320 (BMCB187) - M lager,1633428241,TRUE,MA10124,90,PCE,,29,3,313.2,,1350,1080
,,CBRN01 - M Lager,1633428242,TRUE,MA10174,90,PCE,,24,1,259.2,,900,720
,,CB-LR-012 (bmcm96/2a) - M Lager,1633428243,TRUE,MA10175,90,PCE,,13,1,140.4,,1499,1199.2
,,CB-LR-002 (BMCB330) -(CBRRL)- M lager,1633428244,TRUE,MA10209,90,PCE,,30,3,324,,1250,1000
,,CB-LR-01 (BMCB184 ) -(37996)- M Lager,1633428245,TRUE,MA10210,90,PCE,,25,1,270,,1230,984
,,CB-LR-0001 (LRCB-FLII ) - M Lager,1633428246,TRUE,MA10211,90,PCE,,32,2,345.6,,1280,1024
,,CB-VW-002 (BMCB290) - M Lager,1633428247,TRUE,MA10239,90,PCE,,25,2,270,,1190,952
,,CB-VW-303 -(CBVWS)- -(CBVWS) - M lager,1633428248,TRUE,MA10246,90,PCE,,25,3,270,,1460,1168
,,CBVW01 - M lager,1633428249,TRUE,MA10247,90,PCE,,17,1,183.6,,1190,952
,,CB-TO-1025 -(TCB-025)- (CBTH06) - M Lager,1633428250,TRUE,MA10249,90,PCE,,12,6,129.6,,1350,1080
,,CB-TO-006 (TCB-016) - M lager,1633428251,TRUE,MA10249,90,PCE,,17,7,183.6,,1150,920
,,CB-TO-01 -(TCB-KDN145)- M Lager,1633428252,TRUE,MA10252,90,PCE,,10,2,108,,1150,920
,,CB-TO-03 (TCB-019) - M lager,1633428253,TRUE,MA10255,90,PCE,,12,4,129.6,,1380,1104
,,CB-TO-0170 (TCB-017) - M Lager,1633428254,TRUE,MB-416,90,PCE,,10,3,108,,890,712
,,CB-BM-7505 -(BMCB301) - M lager,1633428255,TRUE,MK10000,90,PCE,,25,3,270,,1250,1000
,,CB-BM-05 - M lager,1633428256,TRUE,MK10001,90,PCE,,12,2,129.6,,880,704
,,CB-BM-007 -(38893) -(CBBM-9) - M lager,1633428257,TRUE,MK10003,90,PCE,,12,1,129.6,,999,799.2
,,CBBM03 - M lager,1633428258,TRUE,MK10005,90,PCE,,7,1,75.6,,790,632
,,CB-BM-1234 (BMCB313) - (CBBM-10)-,1633428259,TRUE,MK10007,90,PCE,,15,1,162,,1120,896
,,CB-BM-06 -(CBBX5) - m Lager,1633428260,TRUE,MK10009,90,PCE,,15,1,162,,999,799.2
,,CB-BM-01 - M lager,1633428261,TRUE,MK10010,90,PCE,,9,1,97.2,,850,680
,,CB-BM-9315 - M lager,1633428262,TRUE,MK10011,90,PCE,,26,1,280.8,,1360,1088
,,CVAUQ7 -(CBA7)- m Lager,1633428263,TRUE,MK10012,90,PCE,,29,3,313.2,,1500,1200
,,CVLJ95 - M Knute,1633428264,TRUE,MK10013,90,PCE,,60,1,648,,2250,1800
,,CVK131 - M Knute,1633428265,TRUE,MK10015,90,PCE,,60,2,648,,2230,1784
,,CB-MI-04 (MCB-KB4) - M lager,1633428266,TRUE,MK10016,90,PCE,,13,3,140.4,,1259,1007.2
,,CBMI05 (MCB-001 ) - M lager,1633428267,TRUE,MK10017,90,PCE,,13,5,140.4,,1199,959.2
,,CB-MI-01 -(MCB-009)- M Lager,1633428268,TRUE,MK10019,90,PCE,,13,2,140.4,,890,712
,,CBMI08 - M lager,1633428269,TRUE,MK10021,90,PCE,,12,1,129.6,,850,680
,,CBMI07 - M lager,1633428270,TRUE,MK10022,90,PCE,,21,2,226.8,,1300,1040
,,CB-MI-02 (MCB-011),1633428271,TRUE,MK10023,90,PCE,,9,4,97.2,,1120,896
,,CB-FD-009 (BMCB61),1633428272,TRUE,MK10024,90,PCE,,30,1,324,,960,768
,,CB-FD-111 (bmcb260),1633428273,TRUE,MK10024,90,PCE,,20,1,216,,1360,1088
,,CBSB02 - M lager,1633428274,TRUE,MK10025,90,PCE,,37,2,399.6,,1590,1272
,,CB-LX-4040 (TCB-USF40) - M lager,1633428275,TRUE,MK10026,90,PCE,,10,1,108,,1150,920
,,CB-DH-2000 (TCB-J100) - M lager,1633428276,TRUE,MK10027,90,PCE,,45,1,486,,1590,1272
,,CB-AD-05 (VWCB-GVI ) - M lager,1633428277,TRUE,MK10028,90,PCE,,48,1,518.4,,2150,1720
,,CB-OP-01 -(Mapco- 33799) - M lager,1633428278,TRUE,MK10030,90,PCE,,5,1,54,,790,632
,,CB-AD-9864 (CBATT) - M Lager,1633428279,TRUE,MK10031,90,PCE,,28,1,302.4,,1490,1192
,,CB-AD-8725 -(CBA6-8) -(cba6-8) M Lager,1633428280,TRUE,MK10032,90,PCE,,29,1,313.2,,1590,1272
,,CB-MB-4444 - M Lager,1633428281,TRUE,MK10033,90,PCE,,45,1,486,,1690,1352
,,CBMB87 (BMCB120) - M lager,1633428282,TRUE,MK10034,90,PCE,,50,1,540,,1750,1400
,,CB-MB-997,1633428283,TRUE,MK10035,90,PCE,,29,1,313.2,,,
,,CB-MB-9060 (BZCB-906) - M Lager,1633428284,TRUE,MK10036,90,PCE,,32,2,345.6,,1599,1279.2
,,CB-MB-1232 (MCB-CU4W) - M Lager,1633428285,TRUE,MK10037,90,PCE,,9,1,97.2,,1120,896
,,CB-MB-9111 - M Lager,1633428286,TRUE,MK10038,90,PCE,,19,2,205.2,,1150,920
,,CBMB12 - M Lager,1633428287,TRUE,MK10039,90,PCE,,18,3,194.4,,790,632
,,CBMB09 - M lager,1633428288,TRUE,MK10040,90,PCE,,12,3,129.6,,1200,960
,,CBMB08 - M Lager,1633428289,TRUE,MK10043,90,PCE,,8,2,86.4,,790,632
,,CBMB04 - M lager,1633428290,TRUE,MK10044,90,PCE,,6,1,64.8,,999,799.2
,,CBMB06 - M lager,1633428291,TRUE,MK10045,90,PCE,,8,2,86.4,,790,632
,,CBMB02 - M lager,1633428292,TRUE,MK10046,90,PCE,,11,4,118.8,,1320,1056
,,CB-SB-1212 (SBCB-S12) - M lager,1633428293,TRUE,MK10047,90,PCE,,58,2,626.4,,1890,1512
,,CB-MB-111 (BMCB41) - M lager,1633428294,TRUE,MK10048,90,PCE,,58,1,626.4,,1900,1520
,,CB-MB-444 (BMCB270 - BMCB270A) - M lager,1633428295,TRUE,MK10049,90,PCE,,34,3,367.2,,1499,1199.2
,,CB10036,1633428296,TRUE,MK10050,,90,PCE,,16,4,172.8,,
,,CB-MB-9442,1633428297,TRUE,MK10051,90,PCE,,20,2,216,,,
,,CB-IV-006 - M lager,1633428298,TRUE,MK10052,90,PCE,,39,1,421.2,,1550,1240
,,VWCB-TR10,1633428299,TRUE,MK10053,90,PCE,,32,5,345.6,,,
,,VWCB-TR11,1633428300,TRUE,MK10055,90,PCE,,50,2,540,,,
,,LagerDiv,1633428301,TRUE,MK10056,90,PCE,,20,20,216,,,
,,CLUTCH200,1633428302,TRUE,MK10057,90,PCE,,25,12,270,,,
,,MK-NI-2323 (ASN-C23),1633428303,TRUE,MK10058,90,PCE,,19,2,205.2,,1250,1000
,,MK-MK-0022 (ASSB-FOR),1633428304,TRUE,MK10060,90,PCE,,17,4,183.6,,999,799.2
,,MK-NI-5050 (ASMZ-BT50),1633428305,TRUE,MK10061,90,PCE,,11,2,118.8,,825,660
,,MK-NI-0005 (ASN-J10),1633428306,TRUE,MK10062,90,PCE,,32,2,345.6,,1119,895.2
,,MK-NI-6060 (ASN-TA60),1633428307,TRUE,MK10063,90,PCE,,19,1,205.2,,1180,944
,,MK-CJMB88 - Kryss ledd,1633428308,TRUE,MK10064,90,PCE,,8,5,86.4,,750,600
,,MK-NI-2424 (ASN-F24),1633428309,TRUE,MK10066,90,PCE,,21,2,226.8,,1210,968
,,MK-DH-001 (BM27 ),1633428310,TRUE,MK10068,90,PCE,,8,3,86.4,,845,676
,,MK-NI-003 (ASN-27),1633428311,TRUE,MK10069,90,PCE,,2,1,21.6,,490,392
,,MK-NI-4646 (ASN-46),1633428312,TRUE,MK10070,90,PCE,,4,16,43.2,,448,358.4
,,MK-MB-5125 (ASN-R51R2WD),1633428313,TRUE,MK10071,90,PCE,,13,5,140.4,,990,792
,,MK-MB-40100,1633428314,TRUE,MK10072,90,PCE,,21,5,226.8,,1299,1039.2
,,MK-SS-0001 (ASSG-REX),1633428315,TRUE,MK10073,90,PCE,,4,5,43.2,,599,479.2
,,MK-NI-2929 (ASN-29),1633428316,TRUE,MK10074,90,PCE,,3,5,32.4,,490,392
,,MK-NI-2525 (ASN-25),1633428317,TRUE,MK10075,90,PCE,,6,2,64.8,,610,488
,,MK-LR-002,1633428318,TRUE,MK10076,90,PCE,,13,1,140.4,,899,719.2
,,MK-FD-1501 (ASFD-F150),1633428319,TRUE,MK10078,90,PCE,,5,4,54,,650,520
,,MK-FD-0022 (ASMZ-9),1633428320,TRUE,MK10080,90,PCE,,4,6,43.2,,499,399.2
,,MK-TO-2050 (AST-KDH205),1633428321,TRUE,MK10081,90,PCE,,6,2,64.8,,660,528
,,MK-TO-0090 (AST-24 ),1633428322,TRUE,MK10082,90,PCE,,3,9,32.4,,555,444
,,MK-TO-3131 (AST-31),1633428323,TRUE,MK10083,90,PCE,,4,4,43.2,,444,355.2
,,MK-TO-6060 (ASN-A60F),1633428324,TRUE,MK10084,90,PCE,,11,5,118.8,,860,688
,,MK-KI-5000 (ASHY-TUC),1633428325,TRUE,MK10085,90,PCE,,5,3,54,,625,500
,,MK-TO-2020 (AST-20),1633428326,TRUE,MK10086,90,PCE,,6,4,64.8,,600,480
,,MK-TO-007 (BM44),1633428327,TRUE,MK10087,90,PCE,,12,3,129.6,,599,479.2
,,MK-to-1717 (AST-17),1633428328,TRUE,OJ-FD-1620,90,PCE,,4,5,43.2,,600,480
,,MK-TO-3333 (AST-ACA33),1633428329,TRUE,OJ-MB-1911,90,PCE,,32,4,345.6,,1290,1032
,,MK-TO-010,1633428330,TRUE,OJ-MI-0672,90,PCE,,12,1,129.6,,999,799.2
,,MK-TO-009,1633428331,TRUE,OJ-TO-0212,90,PCE,,12,1,129.6,,999,799.2
,,MK-KY-1414 (ASK-SOR),1633428332,TRUE,OJ-TO-0212,90,PCE,,8,3,86.4,,762,609.6
,,MK-SZ-002 (ASSZ-077) (ASSZ-777),1633428333,TRUE,OJ-TO-0231,90,PCE,,5,6,54,,499,399.2
,,MK-KI-0101 (ASK-SORFY),1633428334,TRUE,OJ-TO-0278,90,PCE,,7,2,75.6,,690,552
,,MK-TO-6002 (AST-F602RM),1633428335,TRUE,OJ-VA-1747,90,PCE,,6,1,64.8,,940,752
,,MK-LR-001 (bm195),1633428336,TRUE,OJ-VA-1796,90,PCE,,11,1,118.8,,999,799.2
,,MK-TO-1515 (AST-GGN15),1633428337,TRUE,OJ-VA-1796,90,PCE,,5,3,54,,599,479.2
,,MK-IV-005 (BM412 ),1633428338,TRUE,OJ-VA-1921,90,PCE,,21,2,226.8,,999,799.2
,,MK-IV-001,1633428339,TRUE,P? D?ren Pakke,90,PCE,,21,3,226.8,,999,799.2
,,MK-MI-7676 (ASM-76),1633428340,TRUE,PG-207,90,PCE,,4,4,43.2,,590,472
,,MK-JP-001 (BM415),1633428341,TRUE,postoppkrav,90,PCE,,15,3,162,,800,640
,,MK-SY-2650 -,1633428342,TRUE,Returpakke,90,PCE,,16,2,172.8,,845,676
,,MK-MI-001 (ASM-81),1633428343,TRUE,S03S,90,PCE,,4,8,43.2,,599,479.2
,,MK-LX-4040 (AST-USF40),1633428344,TRUE,S14,90,PCE,,10,1,108,,999,799.2
,,MK-LR-1000 (ASLR-DIII),1633428345,TRUE,Servicepakke,90,PCE,,4,1,43.2,,1250,1000
,,MK-AL-1000 (AS-1639),1633428346,TRUE,ST10000,90,PCE,,3,4,32.4,,399,319.2
,,MK-AL-0000 (AS-1540),1633428347,TRUE,TEST1254,90,PCE,,3,8,32.4,,490,392
,,MK-AL-5050 (AST-1539),1633428348,TRUE,UN10000,90,PCE,,2,7,21.6,,399,319.2
,,MK-MI-9191 (ASM-91),1633428349,TRUE,UN10001,90,PCE,,4,2,43.2,,540,432
,,MK-MI-0000 (ASCR-CAL),1633428350,TRUE,UN10002,90,PCE,,32,1,345.6,,1240,992
,,MK-MI-9999 (ASM-99),1633428351,TRUE,UN10003,90,PCE,,5,2,54,,645,516
,,MK-IZ-002 (BM524),1633428352,TRUE,UN10004,90,PCE,,11,1,118.8,,699,559.2
,,MK-HY-0005 (ASHY-GAL),1633428353,TRUE,UN10005,90,PCE,,5,2,54,,699,559.2
,,MK-HY-001 (AS-009),1633428354,TRUE,UN10006,90,PCE,,6,1,64.8,,599,479.2
,,MK-HO-001,1633428355,TRUE,UN10007,90,PCE,,12,2,129.6,,899,719.2
,,MK-HO-HRV (ASH-HRV),1633428356,TRUE,VO123456,90,PCE,,11,1,118.8,,980,784
,,MK-BM-1515 (ASBM-F15),1633428357,TRUE,VW-203,90,PCE,,25,1,270,,1250,1000
,,MK-FD-002 (bm681),1633428358,TRUE,VWCB-TR10,90,PCE,,11,2,118.8,,1220,976
,,MK-FD-003,1633428359,TRUE,VWCB-TR11,90,PCE,,11,2,118.8,,750,600
,,ABSRING,1633428360,TRUE,,90,PCE,,3,184,32.4,,,
,,(KCB-SOR) - (CB-HY-6000 ) - Mellomaksellager,1633428361,TRUE,DR10484,90,PCE,10320000,26,2,280.8,,1290,1032
,,(BM-502A)- Drivaksel bak h?yre,1633428362,TRUE,DR10487,90,PCE,22880000,78,0,842.4,,2860,2288
,,"(MK-IV-002) - Ledd, Mellomaksel",1633428363,TRUE,DR10489,90,PCE,8960000,0,0,0,,1120,896
,,"(MANBKU) - Drivakselmansjett, drivleddmansjett, drivknutemans",1633428364,TRUE,DR10491,90,PCE,7992000,0,0,0,,999,799.2
,,(HYCB-001) - (CB-HY-02) - Mellomaksel lager,1633428365,TRUE,DR10493,90,PCE,7992000,10,6,108,,999,799.2
,,"(S02) - Indre drivledd Drivaksling, drivaksel stikkaksel ",1633428366,TRUE,DR10498,90,PCE,0,24,2,259.2,,850,680
,,"(BM-105) - Drivaksel, Bmw, Framaksel venstre ",1633428367,TRUE,DR10499,90,PCE,0,62,0,669.6,,1800,1440
,,(OJ-VO-1671) - Drivknute,1633428368,TRUE,DR10500,90,PCE,7192000,24,5,259.2,,899,719.2
,,"(MANEDS) -Drivakselmansjett, mansjett, belg, drivknutemansj",1633428369,TRUE,DR10501,90,PCE,15200000,0,0,0,,1900,1520
,,(HO-241A) - Drivaksel h?yre,1633428370,TRUE,DR10502,90,PCE,22400000,63,0,680.4,,2800,2240
,,"(BM300) -(MK-NI-300) - Ledd, Mellomaksel kryss",1633428371,TRUE,DR10505,90,PCE,5440000,6,3,64.8,,680,544
,,(OJ-BM-1953) Ledd,1633428372,TRUE,DR10507,90,PCE,8960000,25,2,270,,1120,896
,,(VO-232) - Drivaksel h?yre,1633428373,TRUE,DR10508,90,PCE,28000000,125,0,1350,,3500,2800
,,(TO-247A) - Drivaksel h?yre,1633428374,TRUE,DR10510,90,PCE,23120000,75,0,810,,2890,2312
,,OJ-NI-0189 - Drivledd,1633428375,TRUE,DR11014,90,PCE,,17,2,183.6,,750,600
,,OJ-NI-0192 - Drivledd,1633428376,TRUE,DR11015,90,PCE,,18,4,194.4,,750,600
,,OJ-NI-0195- Drivledd,1633428377,TRUE,DR11016,90,PCE,,16,2,172.8,,650,520
,,OJ-NI-1190 -(0210-FX35) - Drivledd,1633428378,TRUE,DR11018,90,PCE,,34,2,367.2,,1190,952
,,OJ-NI-0136 - Drivledd,1633428379,TRUE,DR11019,90,PCE,,26,1,280.8,,750,600
,,OJ-NI-4828 -(0210-R51R)- Drivledd,1633428380,TRUE,DR11020,90,PCE,,50,2,540,,1790,1432
,,OJ-NI-3198 -(0210-T30RA44)-VARENR,1633428381,TRUE,DR11021,90,PCE,,20,1,216,,1320,1056
,,OJ-NI-0141 - Drivledd,1633428382,TRUE,DR11027,90,PCE,,15,1,162,,750,600
,,OJ-RN-1379 - Drivledd,1633428383,TRUE,DR11030,90,PCE,,19,4,205.2,,943,754.4
,,OJ-RN-1372 - Drivledd,1633428384,TRUE,DR11031,90,PCE,,21,2,226.8,,850,680
,,OJ-RN-1382- Drivledd,1633428385,TRUE,DR11032,90,PCE,,17,1,183.6,,950,760
,,OJ-RN-1915 - Drivledd,1633428386,TRUE,DR11036,90,PCE,,22,2,237.6,,850,680
,,OJ-RN-1919 - Drivledd,1633428387,TRUE,DR11037,90,PCE,,37,2,399.6,,1425,1140
,,OJ-RN-1426 - Drivledd,1633428388,TRUE,DR11043,90,PCE,,15,1,162,,954,763.2
,,OJ-RN-1904 - Drivledd,1633428389,TRUE,DR11045,90,PCE,,23,2,248.4,,1190,952
,,OJ-TO-0278,1633428390,TRUE,DR18000,90,PCE,,24,2,259.2,,,
,,OJ-HY-0664 - Drivledd,1633428391,TRUE,DR18019,90,PCE,,32,2,345.6,,1550,1240
,,OJ-HY-0650 (1210-014A44 )- Drivledd,1633428392,TRUE,DR18033,90,PCE,,25,1,270,,990,792
,,OJ-MI-8535 -(0410-GA2RR) - Drivledd,1633428393,TRUE,DR18201,90,PCE,,69,1,745.2,,2350,1880
,,S03S,1633428394,TRUE,DR18400,90,PCE,,25,5,270,,,
,,OJ-TO-0212,1633428395,TRUE,DR18412,90,PCE,,16,3,172.8,,,
,,CB-HO-01 (HCB-005) - Mellomaksellager,1633428396,TRUE,DR18444,90,PCE,,6,3,64.8,,990,792
,,CB-HO-04 (HCB-002) - Mellomaksellager,1633428397,TRUE,DR18453,90,PCE,,14,14,151.2,,999,799.2
,,CB-HO-02 (HCB-003) - Mellomaksellager,1633428398,TRUE,DR18550,90,PCE,,22,10,237.6,,1250,1000
,,CB-MZ-4050 (MZCB-B2500) - Mellomaksel lager,1633428399,TRUE,DR18800,90,PCE,,35,1,378,,1480,1184
,,"(MK-RN-40120) - Mellomakselkryss, kryss, ledd, til mellomaksel Re",1633427842,TRUE,DR10472,90,PCE,5328000,6,5,64.8,,666,532.8
,,(CBAD01) - Mellomaksel lager,1633427843,TRUE,DR10474,90,PCE,15360000,44,0,475.2,,1920,1536
,,Frakt,1633427844,TRUE,DR10475,90,PCE,0,0,0,0,,,
,,(MK-MB-0906) - Mellomakselkryss ASBZ-906,1633427845,TRUE,DR10475,90,PCE,6304000,8,3,86.4,,788,630.4
,,"(MK-MB-4600) -  Ledd, Mellomaksel kryss",1633427846,TRUE,DR10476,90,PCE,9752000,32,0,345.6,,1219,975.2
,,Returpakke,1633427847,TRUE,DR10477,90,PCE,1880000,0,0,0,,,
,,(BM-221) - Drivaksel h?yre,1633427848,TRUE,DR10478,90,PCE,27920000,100,0,1080,,3490,2792
,,(TCB-003) - (CB-TO-02) - Mellomaksel lager,1633427849,TRUE,DR10479,90,PCE,8960000,8,3,86.4,,1120,896
,,Drivlinje vinst,1633427850,TRUE,DR10480,90,PCE,0,0,0,0,,,
,,(Vw-250) - Drivaksel h?yre,1633427851,TRUE,DR10481,90,PCE,17200000,49,0,529.2,,2150,1720
,,TESTPRODUKT anto,1633427852,TRUE,DR10482,90,PCE,1800000,0,0,0,,,
,,(KCB-SOR) - (CB-HY-6000 ) - Mellomaksellager,1633427853,TRUE,DR10484,90,PCE,10320000,26,2,280.8,,1290,1032
,,(BM-502A)- Drivaksel bak h?yre,1633427854,TRUE,DR10487,90,PCE,22880000,78,0,842.4,,2860,2288
,,"(MK-IV-002) - Ledd, Mellomaksel",1633427855,TRUE,DR10489,90,PCE,8960000,0,0,0,,1120,896
,,"(MANBKU) - Drivakselmansjett, drivleddmansjett, drivknutemans",1633427856,TRUE,DR10491,90,PCE,7992000,0,0,0,,999,799.2
,,(HYCB-001) - (CB-HY-02) - Mellomaksel lager,1633427857,TRUE,DR10493,90,PCE,7992000,10,6,108,,999,799.2
,,"(S02) - Indre drivledd Drivaksling, drivaksel stikkaksel ",1633427858,TRUE,DR10498,90,PCE,0,24,2,259.2,,850,680
,,"(BM-105) - Drivaksel, Bmw, Framaksel venstre ",1633427859,TRUE,DR10499,90,PCE,0,62,0,669.6,,1800,1440
,,(OJ-VO-1671) - Drivknute,1633427860,TRUE,DR10500,90,PCE,7192000,24,5,259.2,,899,719.2
,,"(MANEDS) -Drivakselmansjett, mansjett, belg, drivknutemansj",1633427861,TRUE,DR10501,90,PCE,15200000,0,0,0,,1900,1520
,,(HO-241A) - Drivaksel h?yre,1633427862,TRUE,DR10502,90,PCE,22400000,63,0,680.4,,2800,2240
,,"(BM300) -(MK-NI-300) - Ledd, Mellomaksel kryss",1633427863,TRUE,DR10505,90,PCE,5440000,6,3,64.8,,680,544
,,(OJ-BM-1953) Ledd,1633427864,TRUE,DR10507,90,PCE,8960000,25,2,270,,1120,896
,,(VO-232) - Drivaksel h?yre,1633427865,TRUE,DR10508,90,PCE,28000000,125,0,1350,,3500,2800
,,(TO-247A) - Drivaksel h?yre,1633427866,TRUE,DR10510,90,PCE,23120000,75,0,810,,2890,2312
,,"(MK-TO-2323) Ledd, Mellomaksel kryss",1633427867,TRUE,DR10517,90,PCE,4712000,4,2,43.2,,589,471.2
,,"ABS-givare fram, v?nster",1633427868,TRUE,DR10520,90,PCE,0,0,0,0,,,
,,(ASN-R51F) - (MK-NI-5151) mellomaksel kryss,1633427869,TRUE,DR10521,90,PCE,5520000,6,4,64.8,,690,552
,,(CT-219) - Drivaksel h?yre,1633427870,TRUE,DR10524,90,PCE,20960000,63,0,680.4,,2620,2096
,,"(OJ-VA-1450) -Ytre drivknute, drivledd, leddsett, hjulside",1633427871,TRUE,DR10529,90,PCE,5064000,18,3,194.4,,633,506.4
,,"Tillbeh?rssats, bromsbackar ",1633427872,TRUE,DR10532,90,PCE,0,0,0,0,,,
,,(Vo-120A) Drivaksel venstre,1633427873,TRUE,DR10533,90,PCE,20480000,104,0,1123.2,,2560,2048
,,(OJ-BM-1958) - Drivledd,1633427874,TRUE,DR10534,90,PCE,23920000,43,1,464.4,,2990,2392
,,Fakturagebyr,1633427875,TRUE,DR10537,50,PCE,392000,0,0,0,,,
,,(BM-299A) Drivaksel h?yre,1633427876,TRUE,DR10540,90,PCE,26320000,112,0,1209.6,,3290,2632
,,"(0410-CU20RA43) Ytre drivknute, drivledd, leddsett",1633427877,TRUE,DR10543,90,PCE,11192000,26,1,280.8,,1399,1119.2
